date,signals,limit_up_hits,avg_ret_t1,hit_rate,portfolio_ret,cum_ret
2016-06-22,2,0,-0.3180984123570816,0.0,-0.3180984123570816,-0.003180984123570818
2016-06-27,2,0,2.118485237483964,0.0,2.118485237483964,0.017936479572204345
2016-06-28,2,0,-0.6071647453669946,0.0,-0.6071647453669946,0.011755928138011962
2016-07-04,2,0,0.7967246268741015,0.0,0.7967246268741015,0.019816836781346048
2016-07-06,2,0,-0.423969877806196,0.0,-0.423969877806196,0.015493120584597175
2016-07-12,2,0,0.3086241246075876,0.0,0.3086241246075876,0.01862717733845165
2016-07-26,2,0,-3.259402626384011,0.0,-3.259402626384011,-0.014573983632779175
2016-08-04,2,0,3.629225536368397,0.0,3.629225536368397,0.021189348995237722
2016-08-05,2,0,1.5487782963536203,0.0,1.5487782963536203,0.03700530799715085
2016-08-10,2,0,-2.04566121993302,0.0,-2.04566121993302,0.015791692562806325
2016-09-19,2,0,-1.6715451215451256,0.0,-1.6715451215451256,-0.0011877239192878974
2016-09-23,2,0,-4.6936501815610985,0.0,-4.6936501815610985,-0.04806847812900472
2016-10-24,2,0,2.379815395332641,0.0,2.379815395332641,-0.025414265218494325
2016-11-08,2,0,2.596039603960399,0.0,2.596039603960399,-0.00011363356901794575
2016-11-09,2,0,1.9317456233450163,0.0,1.9317456233450163,0.019201627552936085
2016-11-10,2,0,2.094502516453734,0.0,2.094502516453734,0.040548831289769716
2016-11-11,2,0,0.06900369003689538,0.0,0.06900369003689538,0.04126684837999561
2016-11-25,2,0,2.1597358009985084,0.0,2.1597358009985084,0.06375546128838727
2016-12-14,2,0,0.5452837967662718,0.0,0.5452837967662718,0.06955594745600924
2016-12-16,2,0,1.2528552034362765,0.0,1.2528552034362765,0.08295593479737406
2016-12-27,2,0,-1.0934288123670641,0.0,-1.0934288123670641,0.07111458258106063
2017-01-09,2,0,2.1076358830395274,0.0,2.1076358830395274,0.09368977787200805
2017-01-26,2,0,-0.915111228116355,0.0,-0.915111228116355,0.08368129991394047
2017-02-06,2,0,-0.400907916696974,0.0,-0.400907916696974,0.07933673579082079
2017-03-16,2,0,-2.8438878184542937,0.0,-2.8438878184542937,0.048641609841563405
2017-03-20,2,0,-4.044387597250204,0.0,-4.044387597250204,0.006230478633526326
2017-04-05,2,0,-1.2579527004847098,0.0,-1.2579527004847098,-0.006427424845544372
2017-04-11,2,0,-2.2188194256734963,0.0,-2.2188194256734963,-0.028473006151235936
2017-04-12,2,0,-3.995469160016828,0.0,-3.995469160016828,-0.06729006757170186
2017-04-26,2,0,-1.2638856880723857,0.0,-1.2638856880723857,-0.07907845491889276
2017-04-28,2,0,1.3631632838921552,0.0,1.3631632838921552,-0.06652479054289462
2017-05-16,2,0,-1.940151456531047,0.0,-1.940151456531047,-0.08463562341553288
2017-06-08,2,0,-1.6422689479458514,0.0,-1.6422689479458514,-0.09966836833273762
2017-06-09,2,0,0.2573196547793424,0.0,0.2573196547793424,-0.09735163808626213
2017-06-13,2,1,4.200392534143952,50.0,4.200392534143952,-0.05943686368286483
2017-06-21,2,0,-2.039630588510549,0.0,-2.039630588510549,-0.07862087711544319
2017-06-22,2,0,-0.4424932105402898,0.0,-0.4424932105402898,-0.08269791717754293
2017-07-07,2,0,1.6996235648409468,0.0,1.6996235648409468,-0.06710723481711567
2017-07-10,2,0,1.8551224039911887,0.0,1.8551224039911887,-0.049800932124995034
2017-07-13,2,0,-0.9122448979591855,0.0,-0.9122448979591855,-0.05846907464214046
2017-07-18,2,0,1.4895542301051614,0.0,1.4895542301051614,-0.04444446091572407
2017-07-19,2,0,-1.0596838303889575,0.0,-1.0596838303889575,-0.05457032845378618
2017-07-20,2,0,2.3115367539076286,0.0,2.3115367539076286,-0.03271637411364725
2017-08-17,2,0,0.37629071255866375,0.0,0.37629071255866375,-0.02907657566533617
2017-08-21,2,0,1.1501885091385948,0.0,1.1501885091385948,-0.017909126006103948
2017-08-24,2,0,-3.012059745528306,0.0,-3.012059745528306,-0.0474902898861812
2017-09-04,2,0,-2.2296069664470837,0.0,-2.2296069664470837,-0.06872751273896383
2017-09-22,2,0,-2.191226088473796,0.0,-2.191226088473796,-0.08913379843460645
2017-09-26,2,0,0.7705193560400228,0.0,0.7705193560400228,-0.08211539804391854
2017-09-29,2,0,0.41731843575419947,0.0,0.41731843575419947,-0.07828489638100666
2017-10-31,2,0,-3.3279472052794743,0.0,-3.3279472052794743,-0.10895908841253377
2017-11-06,2,0,-0.806424440045028,0.0,-0.806424440045028,-0.11614466009437507
2017-11-09,2,0,-2.122321944284,0.0,-2.122321944284,-0.13490291592891812
2017-11-14,2,0,2.1099807445442877,0.0,2.1099807445442877,-0.11664953403340417
2017-11-21,2,0,-2.037659473831715,0.0,-2.037659473831715,-0.13464920849030904
2017-12-11,2,0,-1.856066661639399,0.0,-1.856066661639399,-0.1507106960377531
2017-12-27,2,0,1.588174452112601,0.0,1.588174452112601,-0.13722250028769967
2018-01-04,2,0,-0.4274493050808845,0.0,-0.4274493050808845,-0.14091043671461412
2018-01-09,2,0,0.9705660231957961,0.0,0.9705660231957961,-0.13257240530454495
2018-01-18,2,0,0.4809294277592415,0.0,0.4809294277592415,-0.12840069073715044
2018-02-02,2,0,-4.182454807536001,0.0,-4.182454807536001,-0.16485493794986505
2018-02-23,2,0,2.696417732225487,0.0,2.696417732225487,-0.1423359384069397
2018-02-26,2,0,0.3991411701556651,0.0,0.3991411701556651,-0.13891264803549253
2018-04-18,2,0,0.08928217249340475,0.0,0.08928217249340475,-0.13814385054059275
2018-05-21,2,0,-0.37435465768798615,0.0,-0.37435465768798615,-0.14137024917866436
2018-06-22,2,0,0.9970657528378672,0.0,0.9970657528378672,-0.13280914598954774
2018-06-29,2,0,0.40976211222927317,0.0,0.40976211222927317,-0.12925572642909544
2018-07-11,2,0,0.6725452196382433,0.0,0.6725452196382433,-0.12339957744192054
2018-07-18,2,0,-1.0767176906409377,0.0,-1.0767176906409377,-0.13283808926783658
2018-07-19,2,0,-1.3475461861044922,0.0,-1.3475461861044922,-0.1445234965232587
2018-07-24,2,0,-1.8699194892823563,0.0,-1.8699194892823563,-0.16052021838800157
2018-07-25,2,0,1.286887840664275,0.0,1.286887840664275,-0.14971705515360167
2018-07-26,2,0,0.5597709496361518,0.0,0.5597709496361518,-0.14495741823864072
2018-07-27,2,0,0.0107691006722761,0.0,0.0107691006722761,-0.14486533784222
2018-07-31,2,0,4.308712229530077,0.0,4.308712229530077,-0.10802004607487692
2018-08-21,2,0,2.7739450251645374,0.0,2.7739450251645374,-0.08327701251750597
2018-08-22,2,0,-2.630967802749767,0.0,-2.630967802749767,-0.10739569915857616
2018-08-27,2,0,1.502153222031522,0.0,1.502153222031522,-0.09398741489349471
2018-08-29,2,0,-2.0676821248249873,0.0,-2.0676821248249873,-0.11272087516440665
2018-09-20,2,0,-0.2755528809989469,0.0,-0.2755528809989469,-0.11516579835539331
2018-09-21,2,0,-1.8759098113094725,0.0,-1.8759098113094725,-0.13176448995786638
2018-09-27,2,0,-1.6794579681535469,0.0,-1.6794579681535469,-0.1463461404136075
2018-10-22,2,0,-0.649433613690503,0.0,-0.649433613690503,-0.15189005552232782
2018-10-23,2,0,1.2451766304347804,0.0,1.2451766304347804,-0.14132958869329848
2018-10-25,2,0,1.1021647177881626,0.0,1.1021647177881626,-0.13186562637778942
2018-10-26,2,0,2.205966587112174,0.0,2.205966587112174,-0.11271487216444775
2018-10-30,2,0,0.297463353065858,0.0,0.297463353065858,-0.11007552407193344
2018-11-09,2,0,4.678910243649604,0.0,4.678910243649604,-0.06843675660699
2018-11-12,2,0,2.7004320622169513,0.0,2.7004320622169513,-0.04328052410257699
2018-11-13,2,0,-2.878068264342781,0.0,-2.878068264342781,-0.07081556371716735
2018-11-16,2,0,1.7586034119337794,0.0,1.7586034119337794,-0.05447489451753973
2018-11-22,2,0,-5.0815581363654765,0.0,-5.0815581363654765,-0.10252230244656191
2018-11-26,2,0,2.3864455328110328,0.0,2.3864455328110328,-0.0811044860253225
2018-12-03,2,0,1.2913521176679212,0.0,1.2913521176679212,-0.06923830934645492
2018-12-05,2,0,-2.0431283861026936,0.0,-2.0431283861026936,-0.08825496565516677
2018-12-20,2,0,0.7034013605442262,0.0,0.7034013605442262,-0.08184173867889077
2019-01-07,2,0,0.6667429826767048,0.0,0.6667429826767048,-0.07571998290166582
2019-01-11,2,0,-3.379870321249628,0.0,-3.379870321249628,-0.10695944888481335
2019-01-29,2,0,-3.643269728504361,0.0,-3.643269728504361,-0.13949532494686145
2019-01-30,2,0,0.021927222744694497,0.0,0.021927222744694497,-0.13930664017003402
2019-02-01,2,0,1.484062620571547,0.0,1.484062620571547,-0.1265334117390562
2019-02-11,2,0,1.433500143625999,0.0,1.433500143625999,-0.11401226694181044
2019-02-18,2,0,-0.25244030438204534,0.0,-0.25244030438204534,-0.11624885707193011
2019-02-20,2,1,4.561130668125433,50.0,4.561130668125433,-0.07593981266192895
2019-02-22,2,0,4.027122153209106,0.0,4.027122153209106,-0.03872678014865194
2019-02-25,2,0,0.990045319581179,0.0,0.990045319581179,-0.029209739627126363
2019-02-28,2,0,0.8796733212341205,0.0,0.8796733212341205,-0.020669956701486858
2019-03-01,2,0,-0.1071765659757582,0.0,-0.1071765659757582,-0.021719569011463102
2019-03-05,2,0,-1.8771256334669357,0.0,-1.8771256334669357,-0.040083121748739736
2019-03-06,2,0,4.662566940698154,0.0,4.662566940698154,0.00467364527478531
2019-03-07,2,0,-2.6251128304319855,0.0,-2.6251128304319855,-0.021700171491291775
2019-03-15,2,0,3.1094287534508496,0.0,3.1094287534508496,0.008719364671318397
2019-03-18,2,0,-0.5822590456724338,0.0,-0.5822590456724338,0.0028460049250702557
2019-03-19,2,0,0.8420738088442741,0.0,0.8420738088442741,0.011290708475585332
2019-03-20,2,0,4.7043879363856345,0.0,4.7043879363856345,0.05886574656689958
2019-03-21,2,0,-0.26002780674314574,0.0,-0.26002780674314574,0.05611240118974714
2019-03-22,2,0,0.10790879942999565,0.0,0.10790879942999565,0.05725203940250223
2019-03-25,2,0,-1.409057301293903,0.0,-1.409057301293903,0.04235475234822261
2019-03-29,2,0,2.2587905733319373,0.0,2.2587905733319373,0.06589936323494183
2019-04-01,2,0,2.96515785116287,0.0,2.96515785116287,0.09750496188939772
2019-04-02,2,0,4.468311767624723,0.0,4.468311767624723,0.1465449052517669
2019-04-03,2,0,1.5290341461959847,0.0,1.5290341461959847,0.16407596835453675
2019-04-04,2,0,4.685659655831742,0.0,4.685659655831742,0.21862060636695801
2019-04-08,2,0,2.9209211553473784,0.0,2.9209211553473784,0.2542155534617532
2019-04-09,2,0,1.201526896875738,0.0,1.201526896875738,0.26928529068139495
2019-04-10,2,0,4.732174402243716,0.0,4.732174402243716,0.3293500842984647
2019-04-12,2,0,0.7790629789707575,0.0,0.7790629789707575,0.33970655866615074
2019-04-19,2,0,-4.257075788061698,0.0,-4.257075788061698,0.28267423512609957
2019-05-07,2,0,-0.7214483858588635,0.0,-0.7214483858588635,0.2734204025609548
2019-05-09,2,0,4.660057878395086,0.0,4.660057878395086,0.332762530355587
2019-05-10,2,0,-0.31871360479067645,0.0,-0.31871360479067645,0.3285148348517912
2019-05-16,2,0,-3.248717948717949,0.0,-3.248717948717949,0.2853551349605805
2019-05-27,2,0,-1.694007911612982,0.0,-1.694007911612982,0.2635811172820246
2019-05-28,2,0,0.7955094288427504,0.0,0.7955094288427504,0.2736330242110796
2019-06-11,2,0,-1.662120088954788,0.0,-1.662120088954788,0.2524637138561048
2019-06-13,2,0,-3.7189438560125403,0.0,-3.7189438560125403,0.20588529152086665
2019-06-21,2,0,-0.8434782608695677,0.0,-0.8434782608695677,0.19571391123586457
2019-06-26,2,0,0.3830314474205623,0.0,0.3830314474205623,0.20029387153708034
2019-07-01,2,0,-1.7187702265372136,0.0,-1.7187702265372136,0.17966357784215026
2019-07-02,2,0,-3.951728732730214,0.0,-3.951728732730214,0.1330464732870087
2019-07-11,2,0,-2.9866436600949897,0.0,-2.9866436600949897,0.09920641262665231
2019-07-12,2,0,2.901472747594725,0.0,2.901472747594725,0.1310995871288283
2019-07-15,2,0,1.6909927390447392,0.0,1.6909927390447392,0.15022639901854173
2019-08-01,2,0,0.7677771901991762,0.0,0.7677771901991762,0.1590575749458556
2019-08-08,2,0,-4.088811762949695,0.0,-4.088811762949695,0.1116658924821099
2019-08-16,2,0,2.165986394557829,0.0,2.165986394557829,0.13574442446621227
2019-08-19,2,0,-1.2096691215689956,0.0,-1.2096691215689956,0.122005674863503
2019-08-20,2,0,1.120461867573908,0.0,1.120461867573908,0.13457732060236394
2019-08-22,2,0,-3.0723912253060313,0.0,-3.0723912253060313,0.09971866655986461
2019-08-23,2,0,2.2316455696202557,0.0,2.2316455696202557,0.12426048946043489
2019-08-26,2,0,4.763160129504795,0.0,4.763160129504795,0.17781081684618982
2019-09-03,2,0,3.268419915757637,0.0,3.268419915757637,0.2163066201539383
2019-09-04,2,0,-1.9338924233661123,0.0,-1.9338924233661123,0.19278455858188082
2019-09-06,2,0,0.2189518911302759,0.0,0.2189518911302759,0.1953961829300057
2019-09-09,2,0,-1.739979552221282,0.0,-1.739979552221282,0.17459653377898987
2019-09-11,2,0,1.7939709347996882,0.0,1.7939709347996882,0.19566845419614953
2019-09-18,2,0,4.754908551992788,0.0,4.754908551992788,0.2525213957782022
2019-09-19,2,0,-1.8469215746736487,0.0,-1.8469215746736487,0.22938830789217124
2019-09-23,2,0,-3.1656987064066717,0.0,-3.1656987064066717,0.19046957813251386
2019-10-08,2,0,0.21730895362416836,0.0,0.21730895362416836,0.19305657511596763
2019-10-11,2,0,0.39209381044487146,0.0,0.39209381044487146,0.19773447610210293
2019-10-15,2,0,-1.6267390694551183,0.0,-1.6267390694551183,0.17825046143101653
2019-10-17,2,0,0.43320220575323076,0.0,0.43320220575323076,0.1833546684192333
2019-11-12,2,0,2.2073746312684333,0.0,2.2073746312684333,0.20947573916785012
2019-11-13,2,0,-1.313866726450302,0.0,-1.313866726450302,0.19358483986643504
2019-11-14,2,0,-4.181523453258517,0.0,-4.181523453258517,0.14367480985288195
2019-11-21,2,0,2.009782608695643,0.0,2.009782608695643,0.16666018728133802
2019-11-22,2,0,1.8700004982064535,0.0,1.8700004982064535,0.18847673859587522
2019-11-25,2,0,1.0307538296235712,0.0,1.0307538296235712,0.20072700809313737
2019-12-03,2,0,-0.45123765123765125,0.0,-0.45123765123765125,0.19530887574404177
2019-12-06,2,0,0.5198558847077652,0.0,0.5198558847077652,0.2015227592750315
2019-12-16,2,0,0.7953832307157297,0.0,0.7953832307157297,0.21107946981553805
2019-12-18,2,0,1.8559392987964332,0.0,1.8559392987964332,0.23355636963550008
2019-12-19,2,0,2.08513896766876,0.0,2.08513896766876,0.2592777341869299
2019-12-24,2,0,0.5749864762522987,0.0,0.5749864762522987,0.26651841085696093
2019-12-25,2,0,1.9004138709475153,0.0,1.9004138709475153,0.2905875024149909
2020-01-03,2,0,1.9990047082662836,0.0,1.9990047082662836,0.31638640735256285
2020-02-05,2,0,0.905100176579843,0.0,0.905100176579843,0.3283010230499841
2020-02-06,2,0,1.6361272041438784,0.0,1.6361272041438784,0.3500337174410264
2020-02-07,2,0,4.553479853479848,0.0,4.553479853479848,0.4115072307798886
2020-02-10,2,0,-0.9493506493506496,0.0,-0.9493506493506496,0.39810707771884846
2020-02-17,2,0,1.9393048128342198,0.0,1.9393048128342198,0.42522063556562584
2020-02-19,2,0,3.1586654574960575,0.0,3.1586654574960575,0.4702385874743431
2020-02-24,2,0,3.3841592518022994,0.0,3.3841592518022994,0.5199938026559237
2020-02-27,2,0,-3.09032561641257,0.0,-3.09032561641257,0.4730210448045642
2020-03-02,2,0,0.37545701669855513,0.0,0.37545701669855513,0.47855160567472943
2020-03-04,2,1,5.665608502629919,50.0,5.665608502629919,0.5623205511616081
2020-03-05,2,0,2.612826420890935,0.0,2.612826420890935,0.6031412753013674
2020-03-17,2,0,-3.3923024996525495,0.0,-3.3923024996525495,0.5487578737463574
2020-03-20,2,0,-4.87613287250384,0.0,-4.87613287250384,0.47323838194911994
2020-03-24,2,0,-2.9671555992674508,0.0,-2.9671555992674508,0.4295251068085595
2020-03-25,2,0,-2.7691358024691297,0.0,-2.7691358024691297,0.3899396152706387
2020-03-30,2,0,-0.44977359804946304,0.0,-0.44977359804946304,0.383688033852321
2020-03-31,2,0,-4.605247597930534,0.0,-4.605247597930534,0.31996577391048486
2020-04-07,2,0,-0.04812791754717449,0.0,-0.04812791754717449,0.3193305018711663
2020-04-08,2,0,-1.0042253521126752,0.0,-1.0042253521126752,0.30608145049322055
2020-04-13,2,0,4.136521739130439,0.0,4.136521739130439,0.3601077936236228
2020-04-14,2,0,1.0968013767728884,0.0,1.0968013767728884,0.37502547462968194
2020-04-16,2,0,-0.21428571428571663,0.0,-0.21428571428571663,0.3720789914697613
2020-04-22,2,0,-0.21761892107360303,0.0,-0.21761892107360303,0.36909308797224716
2020-04-27,2,0,-0.917564373514512,0.0,-0.917564373514512,0.3565307775567641
2020-04-30,2,0,0.5985661942052525,0.0,0.5985661942052525,0.3646505122052086
2020-05-06,2,0,-1.0792207792207793,0.0,-1.0792207792207793,0.3499229203137473
2020-05-07,2,0,-0.4052631578947361,0.0,-0.4052631578947361,0.3444521800577389
2020-05-11,2,0,-0.09281363866061576,0.0,-0.09281363866061576,0.34320434506937536
2020-05-13,2,0,4.6805722359590245,0.0,4.6805722359590245,0.4060739947168879
2020-05-18,2,0,-1.0758009958191537,0.0,-1.0758009958191537,0.3909474366797694
2020-05-20,2,0,-1.76565973643904,0.0,-1.76565973643904,0.36638803783528373
2020-05-21,2,0,1.7988036303630444,0.0,1.7988036303630444,0.3909666754647112
2020-05-22,2,0,-1.6315774070822404,0.0,-1.6315774070822404,0.36827197744778606
2020-05-25,2,0,1.072826240633396,0.0,1.072826240633396,0.3829511582650795
2020-05-27,2,0,3.591808893875859,0.0,3.591808893875859,0.4326241209656041
2020-05-29,2,0,1.4475693705201746,0.0,1.4475693705201746,0.45336234893538596
2020-06-01,2,0,4.424993815453115,0.0,4.424993815453115,0.5176735429919008
2020-06-02,2,0,1.8491228070175452,0.0,1.8491228070175452,0.5457371906114352
2020-06-03,2,0,4.806475445458492,0.0,4.806475445458492,0.6200326691294937
2020-06-04,2,0,4.68579713575572,0.0,4.68579713575572,0.6959441135378706
2020-06-05,2,0,1.4203883495145622,0.0,1.4203883495145622,0.7200331061408405
2020-06-08,2,0,1.6832093189866728,0.0,1.6832093189866728,0.7489848636730589
2020-06-11,2,0,4.764321771698421,0.0,4.764321771698421,0.8323121303167447
2020-06-12,2,0,-1.9838398330507432,0.0,-1.9838398330507432,0.7959619924097006
2020-06-16,2,0,-0.0884446777698551,0.0,-0.0884446777698551,0.7943735596126449
2020-06-22,2,0,3.884566762601172,0.0,3.884566762601172,0.8640771985062614
2020-06-23,2,0,2.934343471514345,0.0,2.934343471514345,0.9187756260846176
2020-06-30,2,0,-0.047025800819455454,0.0,-0.047025800819455454,0.9178733064805227
2020-07-02,2,0,-0.5661971438393751,0.0,-0.5661971438393751,0.9070143625967722
2020-07-06,2,0,-1.4562841530054658,0.0,-1.4562841530054658,0.8792428146387372
2020-07-08,2,0,3.4273010677265963,0.0,3.4273010677265963,0.9436501236900259
2020-07-09,2,0,1.0513513513513377,0.0,1.0513513513513377,0.9640847155309831
2020-07-10,2,0,1.10095894516033,0.0,1.10095894516033,0.9857084818971484
2020-07-13,2,0,0.21546391752577135,0.0,0.21546391752577135,0.9899869671828858
2020-07-14,2,0,0.3895633652822199,0.0,0.3895633652822199,0.9977392273809211
2020-07-15,2,0,-5.108136846971805,0.0,-5.108136846971805,0.8956919738006666
2020-07-20,2,0,-0.1099164703362685,0.0,-0.1099164703362685,0.893608296094617
2020-07-22,2,0,2.758861357124243,0.0,2.758861357124243,0.9458503236308702
2020-07-23,2,0,1.11957194913665,0.0,1.11957194913665,0.9676355180264262
2020-07-24,2,0,2.9547169811320777,0.0,2.9547169811320777,1.0257735788043392
2020-07-28,2,0,-0.5026074700493375,0.0,-0.5026074700493375,1.0155918894709828
2020-07-29,2,0,0.05575204209268292,0.0,0.05575204209268292,1.0167156231096177
2020-07-30,2,0,-1.3231783334527565,0.0,-1.3231783334527565,0.9900308789372745
2020-08-03,2,0,0.7144089781186528,0.0,0.7144089781186528,1.004247838203736
2020-08-05,2,0,0.22403116128605394,0.0,0.22403116128605394,1.0087379779107146
2020-08-07,2,0,4.043043995243757,0.0,4.043043995243757,1.0899521381068147
2020-08-10,2,0,-3.333126293995852,0.0,-3.333126293995852,1.0202913938596478
2020-08-11,2,0,0.16673837228252691,0.0,0.16673837228252691,1.0236599948451337
2020-08-17,2,1,4.634898661387624,50.0,4.634898661387624,1.1174545848572475
2020-08-21,2,0,-4.091989120681921,0.0,-4.091989120681921,1.0308085736095083
2020-08-24,2,0,1.3514670769883832,0.0,1.3514670769883832,1.0582542828784982
2020-08-28,2,0,-0.46132947963386484,0.0,-0.46132947963386484,1.048758949105753
2020-09-02,2,0,1.659205582393997,0.0,1.659205582393997,1.0827520719591126
2020-09-03,2,0,1.4387750797542735,0.0,1.4387750797542735,1.1127181897435263
2020-09-04,2,0,1.7916408211490213,0.0,1.7916408211490213,1.150570511266812
2020-09-17,2,0,-1.818584131093925,0.0,-1.818584131093925,1.1114605772209285
2020-09-25,2,0,-1.2544799108605726,0.0,-1.2544799108605726,1.0849727284539514
2020-09-30,2,0,3.322443601096348,0.0,3.322443601096348,1.1542447714550739
2020-10-09,2,0,1.668446518650696,0.0,1.668446518650696,1.1901871933476307
2020-10-12,2,0,-1.1884361460697432,0.0,-1.1884361460697432,1.1641582170752973
2020-10-13,2,0,-1.0278204256146113,0.0,-1.0278204256146113,1.1419145568775804
2020-10-26,2,0,-0.8612964807436891,0.0,-0.8612964807436891,1.1234663221786572
2020-11-03,2,0,1.0321364919538394,0.0,1.0321364919538394,1.145383392984213
2020-11-12,2,0,1.6984917043740557,0.0,1.6984917043740557,1.1818225519410688
2020-11-13,2,0,4.266814047036327,0.0,4.266814047036327,1.2749168630686967
2020-11-25,2,0,1.4745185848634104,0.0,1.4745185848634104,1.308460935004836
2020-11-26,2,0,-2.2411917772573506,0.0,-2.2411917772573506,1.2567238983483096
2020-12-01,2,0,3.2278538006533024,0.0,3.2278538006533024,1.3295676464713972
2020-12-02,2,0,0.5146581636315876,0.0,0.5146581636315876,1.3415569565412824
2020-12-03,2,0,1.0789040658199527,0.0,1.0789040658199527,1.3668201097488963
2020-12-04,2,0,-1.3981798756057482,0.0,-1.3981798756057482,1.3337277072825975
2020-12-07,2,0,1.55826948654067,0.0,1.55826948654067,1.3700934740441273
2020-12-11,2,0,2.9541290599864882,0.0,2.9541290599864882,1.440109094109708
2020-12-14,2,0,-3.0016567083106955,0.0,-3.0016567083106955,1.3668653957962649
2020-12-18,2,0,2.5660728877267562,0.0,2.5660728877267562,1.4276008870067796
2020-12-21,2,0,-4.588637380906701,0.0,-4.588637380906701,1.3162070852463637
2020-12-22,2,0,4.732757331926308,0.0,4.732757331926308,1.4258275458959577
2020-12-23,2,0,4.774572136884304,0.0,4.774572136884304,1.5416504319911706
2020-12-25,2,0,-0.557868020304558,0.0,-0.557868020304558,1.5274713770431592
2021-01-04,2,0,2.379185977148624,0.0,2.379185977148624,1.5876046216222157
2021-01-12,2,0,2.3023535275655487,0.0,2.3023535275655487,1.6471804279075841
2021-01-15,2,0,3.7031341263622846,0.0,3.7031341263622846,1.7452090697198135
2021-01-21,2,0,0.9551687341603224,0.0,0.9551687341603224,1.7714304484411105
2021-01-22,2,0,-0.0613664247905481,0.0,-0.0613664247905481,1.7697297206593459
2021-01-26,2,0,-2.135407149047258,0.0,-2.135407149047258,1.7105847141950998
2021-01-27,2,0,-1.6721320487226183,0.0,-1.6721320487226183,1.6652601584812672
2021-02-01,2,0,1.608359497645207,0.0,1.608359497645207,1.7081271233771544
2021-02-02,2,0,1.8116138763197625,0.0,1.8116138763197625,1.757187930132634
2021-02-03,2,0,-0.19623586660942838,0.0,-0.19623586660942838,1.7517773385038877
2021-02-04,2,0,-1.4295995670995705,0.0,-1.4295995670995705,1.712437941585092
2021-02-09,2,0,2.789964455827088,0.0,2.789964455827088,1.7881139960416839
2021-02-10,2,0,4.322027934747853,0.0,4.322027934747853,1.9086170618032199
2021-02-18,2,0,3.092333472978626,0.0,3.092333472978626,1.9985612008061286
2021-02-19,2,0,2.7553304780645997,0.0,2.7553304780645997,2.0811814714753596
2021-02-22,2,0,0.7600152391197217,0.0,0.7600152391197217,2.1045989202035056
2021-02-23,2,0,2.785395051875495,0.0,2.785395051875495,2.191074264907434
2021-02-24,2,0,0.6945812469990935,0.0,0.6945812469990935,2.2132388683292956
2021-02-25,2,0,-3.320833333333328,0.0,-3.320833333333328,2.106532560910194
2021-03-01,2,0,1.4624987323800855,0.0,1.4624987323800855,2.1519655602344803
2021-03-03,2,0,-1.0440476190476164,0.0,-1.0440476190476164,2.1190575388496513
2021-03-04,2,0,1.6099522511937252,0.0,1.6099522511937252,2.169272875912389
2021-03-05,2,0,0.46923076923076645,0.0,0.46923076923076645,2.184144079407055
2021-03-12,2,0,4.5676880222841225,0.0,4.5676880222841225,2.3295858471344006
2021-03-17,2,0,1.5836422676227873,0.0,1.5836422676227873,2.3823145759464075
2021-03-18,2,0,2.042574257425745,0.0,2.042574257425745,2.451400862779848
2021-03-22,2,0,1.5017883908588772,0.0,1.5017883908588772,2.503233600259079
2021-03-23,2,0,4.566925064599481,0.0,4.566925064599481,2.663223653620782
2021-03-26,2,0,-2.414550473186122,0.0,-2.414550473186122,2.5747732695584156
2021-03-29,2,0,-4.942665593993029,0.0,-4.942665593993029,2.398084181100692
2021-04-06,2,0,2.7511155511155354,0.0,2.7511155511155354,2.49156940344695
2021-04-07,2,0,-0.9865401987353247,0.0,-0.9865401987353247,2.457123667715203
2021-04-14,2,0,-2.325145705604392,0.0,-2.325145705604392,2.3767405052178896
2021-04-15,2,0,-0.7354561822216662,0.0,-0.7354561822216662,2.3519060584146816
2021-04-19,2,0,0.5636478464064679,0.0,0.5636478464064679,2.3707990047265044
2021-04-28,2,0,4.743922617231666,0.0,4.743922617231666,2.530707101093145
2021-04-30,2,0,4.725425025425023,0.0,4.725425025425023,2.697548018022659
2021-05-06,2,0,3.75859984399376,0.0,3.75859984399376,2.8365240520596533
2021-05-07,2,0,4.356862745098045,0.0,4.356862745098045,3.003676139190567
2021-05-10,2,0,1.922093740363862,0.0,1.922093740363862,3.0806305476463907
2021-05-11,2,0,-0.4639954013660572,0.0,-0.4639954013660572,3.061696609558573
2021-05-12,2,0,-0.31724879814825035,0.0,-0.31724879814825035,3.0488109258803204
2021-05-13,2,0,0.8466873194368734,0.0,0.8466873194368734,3.083091694577724
2021-05-21,2,0,-1.1857133449672368,0.0,-1.1857133449672368,3.0346779314678667
2021-05-24,2,0,1.3293279022403297,0.0,1.3293279022403297,3.088312030976402
2021-05-28,2,0,3.6679688925378766,0.0,3.6679688925378766,3.2382700445025003
2021-05-31,2,0,4.0104820875718765,0.0,4.0104820875718765,3.408245105460198
2021-06-01,2,0,3.6721822541966436,0.0,3.6721822541966436,3.5701238999443996
2021-06-04,2,0,1.5720746203320148,0.0,1.5720746203320148,3.6419696578931537
2021-06-07,2,0,2.9683279162152414,0.0,2.9683279162152414,3.779758539110637
2021-06-08,2,0,-3.056989414091282,0.0,-3.056989414091282,3.6336418265509005
2021-06-09,2,0,4.697410189056195,0.0,4.697410189056195,3.8513029898356725
2021-06-10,2,0,-0.1646517179640148,0.0,-0.1646517179640148,3.8433152361192686
2021-06-11,2,0,-2.248040076056745,0.0,-2.248040076056745,3.734435568601545
2021-06-15,2,0,-5.369281002419868,0.0,-5.369281002419868,3.480230419044813
2021-06-17,2,0,2.3570048309178753,0.0,2.3570048309178753,3.5858296664579514
2021-06-18,2,0,3.1793828405382256,0.0,3.1793828405382256,3.7316307479696267
2021-06-21,2,0,1.2274725274725289,0.0,1.2274725274725289,3.7897102155023967
2021-06-23,2,0,-2.0856315000540855,0.0,-2.0856315000540855,3.6898145104865705
2021-06-24,2,0,1.5827160493827046,0.0,1.5827160493827046,3.7640409574303213
2021-06-25,2,0,1.9297701787174386,0.0,1.9297701787174386,3.855975999128697
2021-06-29,2,0,-3.6062189054726463,0.0,-3.6062189054726463,3.6808588746029036
2021-07-05,2,0,-0.9606577502099863,0.0,-0.9606577502099863,3.6358918410476395
2021-07-07,2,0,4.738133952768099,0.0,4.738133952768099,3.8555466063819237
2021-07-08,2,0,-0.8420054200542035,0.0,-0.8420054200542035,3.81466264078293
2021-07-09,2,0,3.6949660409996925,0.0,3.6949660409996925,3.9925627903485585
2021-07-14,2,0,-0.45873015873015266,0.0,-0.45873015873015266,3.96966039913569
2021-07-20,2,0,3.3464388126792204,0.0,3.3464388126792204,4.135967043590716
2021-08-02,2,0,1.7857155070156177,0.0,1.7857155070156177,4.227680803523327
2021-08-03,2,0,2.6368268126967025,0.0,2.6368268126967025,4.365525692632829
2021-08-10,2,0,4.32525849166543,0.0,4.32525849166543,4.597598548275921
2021-08-11,2,0,-0.3687756518010119,0.0,-0.3687756518010119,4.576955967744313
2021-08-13,2,0,0.0853488525021544,0.0,0.0853488525021544,4.5817158356673335
2021-08-18,2,0,-2.892813009869754,0.0,-2.892813009869754,4.420247233799189
2021-08-20,2,0,4.656816320452684,0.0,4.656816320452684,4.672658191591635
2021-08-25,2,0,0.5431180691454653,0.0,0.5431180691454653,4.70346742323103
2021-08-26,2,0,1.789726038175266,0.0,1.789726038175266,4.80554386478344
2021-08-27,2,0,1.2408932998741464,0.0,1.2408932998741464,4.877584469622793
2021-08-31,2,0,1.978475492761206,0.0,1.978475492761206,4.993871037920618
2021-09-02,2,0,-0.19459207585751348,0.0,-0.19459207585751348,4.982207439843706
2021-09-06,2,0,-1.3483870967741947,0.0,-1.3483870967741947,4.901544126622587
2021-09-09,2,0,-0.669003690036901,0.0,-0.669003690036901,4.862062578646326
2021-09-13,2,0,4.541678029205842,0.0,4.541678029205842,5.128298586839004
2021-09-14,2,0,0.6837092731829535,0.0,0.6837092731829535,5.170198332565562
2021-09-15,2,0,0.8743000394343952,0.0,0.8743000394343952,5.224144379020363
2021-09-22,2,0,-2.530201548149624,0.0,-2.530201548149624,5.066660981583323
2021-09-24,2,0,-0.024065365371816583,0.0,-0.024065365371816583,5.065201017452235
2021-10-08,2,0,0.12372881355932089,0.0,0.12372881355932089,5.072705418711117
2021-10-11,2,0,-1.3611087563396125,0.0,-1.3611087563396125,4.99004929351033
2021-10-13,2,0,0.9273303849977602,0.0,0.9273303849977602,5.045596840685396
2021-10-14,2,0,-2.2328533646782165,0.0,-2.2328533646782165,4.910607528213272
2021-10-20,2,0,-2.3687415106596497,0.0,-2.3687415106596497,4.77060051416031
2021-11-03,2,0,4.523366696228726,0.0,4.523366696228726,5.031625935990241
2021-11-04,2,0,0.6777887928999584,0.0,0.6777887928999584,5.07250762061403
2021-11-05,2,0,2.1916943521594794,0.0,2.1916943521594794,5.205598427169482
2021-11-08,2,0,-0.20830073880921907,0.0,-0.20830073880921907,5.1926721197981545
2021-11-09,2,0,0.5467123075066086,0.0,0.5467123075066086,5.226528220440621
2021-11-10,2,0,-0.9611389485405184,0.0,-0.9611389485405184,5.166682632572099
2021-11-11,2,0,-0.7094467397219804,0.0,-0.7094467397219804,5.122933303686315
2021-11-12,2,0,1.200458622095391,0.0,1.200458622095391,5.196436584455568
2021-11-17,2,0,-1.4700571990578943,0.0,-1.4700571990578943,5.105345422360721
2021-11-19,2,0,2.3134099791657263,0.0,2.3134099791657263,5.246587092624153
2021-11-26,2,0,-0.5835276389880181,0.0,-0.5835276389880181,5.210136530445233
2021-12-01,2,0,-0.4048218029350068,0.0,-0.4048218029350068,5.1849965437779595
2021-12-02,2,0,-4.032151570232872,0.0,-4.032151570232872,4.935608108519168
2021-12-03,2,0,2.9085810261583194,0.0,2.9085810261583194,5.108250079750671
2021-12-07,2,0,-4.406336722017112,0.0,-4.406336722017112,4.839100013413978
2021-12-09,2,0,0.5419437774382143,0.0,0.5419437774382143,4.870744652595069
2021-12-15,2,0,-0.6169381368851807,0.0,-0.6169381368851807,4.834525789914062
2021-12-28,2,0,-0.759293985357151,0.0,-0.759293985357151,4.790224586517134
2021-12-30,2,0,4.739065805432541,0.0,4.739065805432541,5.064627139954515
2022-01-04,2,0,2.3188791752994047,0.0,2.3188791752994047,5.205258515762476
2022-01-07,2,0,-0.32803578829322344,0.0,-0.32803578829322344,5.184903047074662
2022-01-10,2,0,-2.2512583625358404,0.0,-2.2512583625358404,5.045664900012659
2022-01-18,2,0,2.3840622644254355,0.0,2.3840622644254355,5.189797315527476
2022-01-19,2,0,-2.6422129025577274,0.0,-2.6422129025577274,5.026249692214437
2022-01-20,2,0,1.8336299822355522,0.0,1.8336299822355522,5.136748813375259
2022-01-28,2,0,3.0138362242839727,0.0,3.0138362242839727,5.321700372106079
2022-02-07,2,0,3.6486156240664096,0.0,3.6486156240664096,5.552354919589407
2022-02-08,2,0,2.0647920706744207,0.0,2.0647920706744207,5.6876474244115345
2022-02-10,2,0,-2.5887553264732737,0.0,-2.5887553264732737,5.514520595496329
2022-02-23,2,0,-5.236984401412014,0.0,-5.236984401412014,5.173356168083413
2022-02-25,2,0,-1.0104344253877016,0.0,-1.0104344253877016,5.110978452159303
2022-03-01,2,0,-0.2920526793823761,0.0,-0.2920526793823761,5.0931311758532924
2022-03-03,2,0,-2.506435734190343,0.0,-2.506435734190343,4.940410758730613
2022-03-10,2,0,1.5505138086062913,0.0,1.5505138086062913,5.032517647832665
2022-03-15,2,0,-4.874134844868738,0.0,-4.874134844868738,4.738484603136797
2022-03-18,2,0,-1.3635009527688475,0.0,-1.3635009527688475,4.6602403108985335
2022-03-28,2,0,-0.7074659052941631,0.0,-0.7074659052941631,4.62019604054121
2022-04-08,2,0,-0.5478527459554625,0.0,-0.5478527459554625,4.589405642205025
2022-04-14,2,0,-0.5424819185382566,0.0,-0.5424819185382566,4.559084127242306
2022-04-19,2,0,0.3108632097245716,0.0,0.3108632097245716,4.576365274591541
2022-04-22,2,0,2.441529304029311,0.0,2.441529304029311,4.712513866870408
2022-04-27,2,0,0.02893877657629318,0.0,0.02893877657629318,4.714166998495232
2022-05-05,2,0,-2.534011199528446,0.0,-2.534011199528446,4.569369366793604
2022-05-09,2,0,-1.9272655634357756,0.0,-1.9272655634357756,4.4620328288868505
2022-05-10,2,0,4.58548195437919,0.0,4.58548195437919,4.712493358597725
2022-05-11,2,0,2.8367781155015264,0.0,2.8367781155015264,4.874544120043904
2022-05-13,2,0,-2.424718490331606,0.0,-2.424718490331606,4.732102962542512
2022-05-18,2,0,1.379399367755541,0.0,1.379399367755541,4.81117155456692
2022-05-20,2,0,0.7553916105335683,0.0,0.7553916105335683,4.855068656963832
2022-05-23,2,0,-4.145324774861091,0.0,-4.145324774861091,4.612357045341583
2022-05-25,2,0,-0.6818909762857981,0.0,-0.6818909762857981,4.574086889092459
2022-05-30,2,0,1.638656900368574,0.0,1.638656900368574,4.665427048533112
2022-05-31,2,0,1.3951909476661921,0.0,1.3951909476661921,4.744470573860879
2022-06-06,2,0,3.0260233918128603,0.0,3.0260233918128603,4.918299597161715
2022-06-08,2,0,1.8191762524670532,0.0,1.8191762524670532,5.025963897983134
2022-06-10,2,0,0.23921568627451897,0.0,0.23921568627451897,5.0403789488763495
2022-06-14,2,0,-0.9227674058098043,0.0,-0.9227674058098043,4.984640300748722
2022-06-16,2,0,-3.21186209421122,0.0,-3.21186209421122,4.792421907454085
2022-06-20,2,0,3.078114093151996,0.0,3.078114093151996,4.970719262522253
2022-06-22,2,0,-1.147162787461292,0.0,-1.147162787461292,4.902225392998814
2022-06-24,2,0,1.2972541800889696,0.0,1.2972541800889696,4.978792258627764
2022-06-29,2,0,-2.161785874943772,0.0,-2.161785874943772,4.849543572088518
2022-07-18,2,0,0.8038324454543446,0.0,0.8038324454543446,4.896564101231954
2022-07-19,2,0,1.8639425594663974,0.0,1.8639425594663974,5.006472669061034
2022-07-20,2,0,-0.4685357188717152,0.0,-0.4685357188717152,4.978330199162216
2022-07-22,2,0,1.260606060606057,0.0,1.260606060606057,5.053693391975897
2022-07-25,2,0,1.7135864093515254,0.0,1.7135864093515254,5.157428659204608
2022-07-26,2,0,-0.6755741358716424,0.0,-0.6755741358716424,5.115830663748274
2022-08-04,2,0,-0.7705493511463543,0.0,-0.7705493511463543,5.068705170251552
2022-08-09,2,0,4.7517693952945805,0.0,4.7517693952945805,5.357076045222225
2022-08-10,2,0,4.7552239792098,0.0,4.7552239792098,5.659369249701235
2022-08-15,2,0,-0.6236973869504,0.0,-0.6236973869504,5.61783493770347
2022-08-22,2,0,4.277730836413863,0.0,4.277730836413863,5.9009281035365815
2022-08-25,2,0,-2.3341715022566096,0.0,-2.3341715022566096,5.739848606352613
2022-09-02,2,0,3.0508669394116565,0.0,3.0508669394116565,5.945472419250222
2022-09-07,2,0,-1.0689468978601178,0.0,-1.0689468978601178,5.871229007282917
2022-09-09,2,0,-1.0269789983844977,0.0,-1.0269789983844977,5.800662928447218
2022-09-20,2,0,-0.3008564576909898,0.0,-0.3008564576909898,5.780202694861187
2022-09-27,2,0,-1.3307884750036745,0.0,-1.3307884750036745,5.689972538816086
2022-10-11,2,0,1.8923014056881242,0.0,1.8923014056881242,5.8165669832082525
2022-10-12,2,0,1.0586956521739024,0.0,1.0586956521739024,5.888733681487
2022-10-13,2,0,1.5135553744031696,0.0,1.5135553744031696,5.992998480351468
2022-10-25,2,0,0.2279571069044753,0.0,0.2279571069044753,6.008939517373152
2022-11-01,2,0,0.7304297015461928,0.0,0.7304297015461928,6.060134893371455
2022-11-02,2,0,1.4031335721431675,0.0,1.4031335721431675,6.1591980162989435
2022-11-04,2,0,1.3548113021142063,0.0,1.3548113021142063,6.256191640164498
2022-11-07,2,1,5.954530582499877,50.0,5.954530582499877,6.6882637905028925
2022-11-15,2,0,4.739454005669764,0.0,4.739454005669764,7.05264551668834
2022-11-17,2,0,-3.3630955766019928,0.0,-3.3630955766019928,6.781827351517156
2022-11-18,2,0,2.871460975358287,0.0,2.871460975358287,7.005279487085728
2022-11-21,2,0,1.1606301415859948,0.0,1.1606301415859948,7.098191173731047
2022-11-28,2,0,1.1386613157010843,0.0,1.1386613157010843,7.190402143897842
2022-11-29,2,1,7.223994170873885,50.0,7.223994170873885,7.782076317344153
2022-11-30,2,0,2.1770642201834782,0.0,2.1770642201834782,7.97326775863826
2022-12-01,2,0,2.63741168647661,0.0,2.63741168647661,8.209929771163424
2022-12-02,2,0,4.713825877733758,0.0,4.713825877733758,8.644069824037631
2022-12-05,2,0,-0.013467048710613383,0.0,-0.013467048710613383,8.642771052456743
2022-12-06,2,0,-0.55641025641025,0.0,-0.55641025641025,8.589117685318715
2022-12-09,2,0,-3.8945781406675315,0.0,-3.8945781406675315,8.215662004063407
2022-12-15,2,0,-2.288604102574687,0.0,-2.288604102574687,8.004751985358995
2022-12-29,2,0,-2.157723577235765,0.0,-2.157723577235765,7.810454328699299
2023-01-17,2,0,1.553471614811114,0.0,1.553471614811114,7.947322235831541
2023-02-22,2,0,-2.1660149511213307,0.0,-2.1660149511213307,7.753521898478427
2023-02-28,2,0,-0.827296300492175,0.0,-0.827296300492175,7.681104335649543
2023-03-06,2,0,0.23472898409606668,0.0,0.23472898409606668,7.701481403664934
2023-03-27,2,0,0.09074960127591947,0.0,0.09074960127591947,7.70937796334386
2023-03-28,2,0,1.1269743408373616,0.0,1.1269743408373616,7.80753041823729
2023-03-29,2,0,-0.2387091197686706,0.0,-0.2387091197686706,7.786506039902559
2023-03-31,2,0,-0.37023799875732766,0.0,-0.37023799875732766,7.753975055779732
2023-04-17,2,0,1.0432342085103465,0.0,1.0432342085103465,7.8452995181660885
2023-04-19,2,0,-2.689443131763941,0.0,-2.689443131763941,7.607410217790822
2023-05-22,2,0,0.5509803921568639,0.0,0.5509803921568639,7.654835360363355
2023-05-31,2,0,-2.403384263886909,0.0,-2.403384263886909,7.446826409247063
2023-06-01,2,0,2.0809523809523838,0.0,2.0809523809523838,7.622600844525204
2023-06-02,2,0,0.7096623602214751,0.0,0.7096623602214751,7.683792197190938
2023-06-07,2,0,-1.7626328842221204,0.0,-1.7626328842221204,7.530728820325736
2023-06-09,2,0,-2.239514713992091,0.0,-2.239514713992091,7.339681893183778
2023-06-26,2,0,1.5935698447893611,0.0,1.5935698447893611,7.472580548984913
2023-06-27,2,0,-3.4712962962962943,0.0,-3.4712962962962943,7.178472174187279
2023-06-29,2,0,0.10548598688133204,0.0,0.10548598688133204,7.187099316272036
2023-07-03,2,0,-1.1573471394098807,0.0,-1.1573471394098807,7.092346156534516
2023-07-05,2,0,1.5061893061892986,0.0,1.5061893061892986,7.214232208964061
2023-07-11,2,0,2.257686057848552,0.0,2.257686057848552,7.399683784305148
2023-08-08,2,0,0.9410071942445979,0.0,0.9410071942445979,7.478725413009256
2023-08-09,2,0,4.554070660522269,0.0,4.554070660522269,7.864852559429355
2023-08-17,2,0,-4.634630350194546,0.0,-4.634630350194546,7.4539994122100435
2023-08-29,2,0,-0.34219409282700264,0.0,-0.34219409282700264,7.425070325613831
2023-09-04,2,0,-2.787519612038225,0.0,-2.787519612038225,7.190219837959333
2023-09-11,2,0,0.47914886884986607,0.0,0.47914886884986607,7.229463183669234
2023-09-12,2,0,0.32566456332800464,0.0,0.32566456332800464,7.256263629010569
2023-09-15,2,0,1.1876379711756817,0.0,1.1876379711756817,7.354318150869066
2023-09-20,2,0,-2.9191684046370843,0.0,-2.9191684046370843,7.110441534986036
2023-10-16,2,0,4.292431491953031,0.0,4.292431491953031,7.458576681570216
2023-11-10,2,0,4.828008192524325,0.0,4.828008192524325,7.866957456727379
2023-11-13,2,0,0.361705473934554,0.0,0.361705473934554,7.8990297272198084
2023-11-28,2,0,-0.5109704641350241,0.0,-0.5109704641350241,7.85355831371912
2023-12-14,2,0,1.0392344889763097,0.0,1.0392344889763097,7.945567545216919
2023-12-15,2,0,-3.21735028712059,0.0,-3.21735028712059,7.657757302116316
2024-01-02,2,0,0.5820998278829761,0.0,0.5820998278829761,7.70815409247046
2024-01-10,2,0,1.2046296296296226,0.0,1.2046296296296226,7.813055096862163
2024-01-24,2,0,4.964712199312716,0.0,4.964712199312716,8.25059791838823
2024-01-25,2,0,-0.1758005827302287,0.0,-0.1758005827302287,8.234335313341674
2024-01-29,2,0,-2.5642578612728,0.0,-2.5642578612728,7.9975431441330205
2024-02-06,2,0,-0.6896280955021592,0.0,-0.6896280955021592,7.935493558706151
2024-02-07,2,0,-1.0691761913362017,0.0,-1.0691761913362017,7.839957388998085
2024-02-19,2,0,1.9520340331605106,0.0,1.9520340331605106,8.012516365748215
2024-02-23,2,0,1.110115448048366,0.0,1.110115448048366,8.112565702182275
2024-02-27,2,0,-5.0346368715083845,0.0,-5.0346368715083845,7.65378110939978
2024-02-29,2,0,3.1553504971658546,0.0,3.1553504971658546,7.926838234658872
2024-03-01,2,0,-0.7719567926879942,0.0,-0.7719567926879942,7.857926900534155
2024-03-04,2,0,-1.8357142857142899,0.0,-1.8357142857142899,7.695320671002921
2024-03-12,2,1,4.2219930034794215,50.0,4.2219930034794215,8.062436501362765
2024-03-14,2,0,0.7212130017850484,0.0,0.7212130017850484,8.127795971689107
2024-03-15,2,0,-0.24825859574941742,0.0,-0.24825859574941742,8.10513543358692
2024-03-20,2,0,2.230864197530869,0.0,2.230864197530869,8.308258640111507
2024-03-29,2,0,0.2952380952380931,0.0,0.2952380952380931,8.33574016562041
2024-04-01,2,0,0.059468535552637425,0.0,0.059468535552637425,8.341291993579903
2024-04-02,2,0,0.6514635898824399,0.0,0.6514635898824399,8.40214710974268
2024-04-03,2,0,1.1851604358557535,0.0,1.1851604358557535,8.513577637408305
2024-04-17,2,0,-1.004484084361412,0.0,-1.004484084361412,8.418015264187172
2024-04-23,2,0,-0.6927902656649774,0.0,-0.6927902656649774,8.352768171218042
2024-04-24,2,0,0.3369426751592355,0.0,0.3369426751592355,8.384281638495587
2024-04-26,2,0,3.034919030346284,0.0,3.034919030346284,8.669086987803583
2024-04-29,2,0,-0.9280278860923972,0.0,-0.9280278860923972,8.579355164226234
2024-04-30,2,0,-0.84257095158598,0.0,-0.84257095158598,8.498642300263214
2024-05-06,2,0,-2.4786248131539677,0.0,-2.4786248131539677,8.263206595296152
2024-05-08,2,0,3.529787234042548,0.0,3.529787234042548,8.590178079159903
2024-05-09,2,0,0.4305560925317311,0.0,0.4305560925317311,8.63146917516437
2024-05-13,2,0,-1.8608087211999353,0.0,-1.8608087211999353,8.452245956773227
2024-05-14,2,0,-0.6003164556962091,0.0,-0.6003164556962091,8.395502568861838
2024-05-15,2,0,1.9531915281091332,0.0,1.9531915281091332,8.579014729060123
2024-05-17,2,0,-4.707154711414346,0.0,-4.707154711414346,8.128115685934096
2024-05-20,2,0,1.5518518518518492,0.0,1.5518518518518492,8.269770518245444
2024-05-24,2,0,-0.592804179305689,0.0,-0.592804179305689,8.21481893120124
2024-05-30,2,0,2.7882352941176474,0.0,2.7882352941176474,8.471749764930028
2024-06-07,2,0,-1.2946164916582235,0.0,-1.2946164916582235,8.349126930424646
2024-06-18,2,0,-0.45740241050550257,0.0,-0.45740241050550257,8.306363798483664
2024-06-26,2,0,-1.9761258052527317,0.0,-1.9761258052527317,8.12245834193113
2024-07-01,2,0,-0.8319148936170193,0.0,-0.8319148936170193,8.046567252320598
2024-07-05,2,0,-2.406155451225872,0.0,-2.406155451225872,7.828892781230072
2024-07-09,2,0,-1.6819369440198346,0.0,-1.6819369440198346,7.680396371794663
2024-07-11,2,0,1.3594236639246753,0.0,1.3594236639246753,7.798399734195298
2024-07-18,2,0,4.201518218623479,0.0,4.201518218623479,8.168066101974834
2024-07-19,2,0,-1.4435852512542864,0.0,-1.4435852512542864,8.035717251901481
2024-07-25,2,0,-0.9858623179173458,0.0,-0.9858623179173458,7.946637520361428
2024-07-29,2,0,2.5773857721226094,0.0,2.5773857721226094,8.177226882894606
2024-07-31,2,0,-0.5367872194031174,0.0,-0.5367872194031174,8.127964701891601
2024-08-06,2,0,4.596532039389179,0.0,4.596532039389179,8.547534523958184
2024-08-08,2,0,3.0254818757192163,0.0,3.0254818757192163,8.836393450558575
2024-08-13,2,0,0.35139482974807557,0.0,0.35139482974807557,8.870958028577517
2024-08-16,2,0,4.465350165914028,0.0,4.465350165914028,9.311730869283908
2024-08-19,2,0,-2.7193548387096804,0.0,-2.7193548387096804,9.031318316935316
2024-08-23,2,0,1.6908046760893138,0.0,1.6908046760893138,9.200928316111462
2024-09-19,2,0,-0.0015175543779606393,0.0,-0.0015175543779606393,9.200773511477207
2024-09-24,2,0,1.7548789887467224,0.0,1.7548789887467224,9.379784742519764
2024-09-26,2,0,3.3949115437765913,0.0,3.3949115437765913,9.732169252962729
2024-09-27,2,0,4.7280826060658425,0.0,4.7280826060658425,10.239595080665607
2024-09-30,2,0,1.0609199833916618,0.0,1.0609199833916618,10.358838190928696
2024-10-08,2,0,4.6917898193760355,0.0,4.6917898193760355,10.891771004770085
2024-10-16,2,0,-0.14582542694498368,0.0,-0.14582542694498368,10.87442977893106
2024-10-22,2,0,2.6763607903861013,0.0,2.6763607903861013,11.192232361616302
2024-10-25,2,0,1.7444444444444378,0.0,1.7444444444444378,11.404919081702275
2024-10-28,2,0,-4.7549929676512,0.0,-4.7549929676512,10.81506605172451
2024-10-29,2,0,1.6838147690232677,0.0,1.6838147690232677,11.014009878873301
2024-11-05,2,0,4.104304745650212,0.0,4.104304745650212,11.507101456474784
2024-11-07,2,0,-4.203091882442916,0.0,-4.203091882442916,10.981416490428794
2024-11-11,2,0,0.9477516164055015,0.0,0.9477516164055015,11.094970558885109
2024-11-19,2,0,0.6023491844541599,0.0,0.6023491844541599,11.167824515406524
2024-11-21,2,0,0.20005500146669264,0.0,0.20005500146669264,11.192166856919286
2024-11-25,2,0,0.033209467986644814,0.0,0.033209467986644814,11.196215810668512
2024-11-27,2,0,1.822459386610337,0.0,1.822459386610337,11.418486890521296
2024-11-29,2,0,-0.38043926835239983,0.0,-0.38043926835239983,11.371242089854558
2024-12-02,2,0,1.84814141046632,0.0,1.84814141046632,11.599880137906199
2024-12-03,2,0,1.070636855562818,0.0,1.070636855562818,11.734779098419361
2024-12-11,2,1,4.58761890427453,50.0,4.58761890427453,12.319002231756048
2024-12-16,2,0,-7.660561522517428,0.0,-7.660561522517428,11.298691871606907
2024-12-18,2,0,4.005317324185254,0.0,4.005317324185254,11.791293507788543
2025-01-07,2,0,-1.6044763839251406,0.0,-1.6044763839251406,11.586060224257528
2025-01-10,2,0,1.9042657573674853,0.0,1.9042657573674853,11.825732259309714
2025-01-14,2,0,-1.0483560702718493,0.0,-1.0483560702718493,11.691272916612425
2025-01-16,2,0,-2.2695943154589777,0.0,-2.2695943154589777,11.403232507937604
2025-01-23,2,0,-0.9658839699902664,0.0,-0.9658839699902664,11.283431673382813
2025-02-06,2,0,0.10972271960670321,0.0,0.10972271960670321,11.296909388675878
2025-02-10,2,0,0.34150300054555704,0.0,0.34150300054555704,11.338903703212576
2025-02-11,2,0,-2.7220224544198697,0.0,-2.7220224544198697,11.003035973781886
2025-02-17,2,0,-1.3387694900969245,0.0,-1.3387694900969245,10.842342990279535
2025-02-19,2,0,0.5828708841162158,0.0,0.5828708841162158,10.911368559567052
2025-03-12,2,0,2.512663526949233,0.0,2.512663526949233,11.21066117292379
2025-03-17,2,0,4.666589230247187,0.0,4.666589230247187,11.780482572161427
2025-03-18,2,0,4.719228795021824,0.0,4.719228795021824,12.383622785849616
2025-04-09,2,0,-0.7286763431721075,0.0,-0.7286763431721075,12.286099492749738
2025-04-14,2,0,4.5222222222222275,0.0,4.5222222222222275,12.886926436477422
2025-04-15,2,0,-3.245117223134458,0.0,-3.245117223134458,12.436279394923282
2025-04-16,2,0,-1.1269434634720517,0.0,-1.1269434634720517,12.284860122548352
2025-04-18,2,0,4.537413226160026,0.0,4.537413226160026,12.88764912282572
2025-04-30,2,0,4.724249022615924,0.0,4.724249022615924,13.543736250775144
2025-05-06,2,0,-0.9816767671224689,0.0,-0.9816767671224689,13.400963770929717
2025-05-08,2,0,1.1819075507216064,0.0,1.1819075507216064,13.57116984911502
2025-05-19,2,0,1.157854406130277,0.0,1.157854406130277,13.739882781237725
2025-05-20,2,0,-0.19822024031112506,0.0,-0.19822024031112506,13.710665350167178
2025-05-27,2,0,-2.3829693051429954,0.0,-2.3829693051429954,13.360114710290388
2025-05-28,2,0,-1.5985390234525272,0.0,-1.5985390234525272,13.130562672833848
2025-06-04,2,0,0.36640786749482257,0.0,0.36640786749482257,13.182338166188398
2025-06-09,2,0,1.1843139673533236,0.0,1.1843139673533236,13.350301577987848
2025-06-10,2,0,2.0163366715082844,0.0,2.0163366715082844,13.63965197117685
2025-06-11,2,0,-3.316702932014209,0.0,-3.316702932014209,13.154098205012152
2025-06-30,2,0,0.19146654358212534,0.0,0.19146654358212534,13.181198567620509
2025-07-18,2,0,-4.698504595301028,0.0,-4.698504595301028,12.514894301252097
2025-07-22,2,0,-2.269383745596398,0.0,-2.269383745596398,12.208189486744947
2025-08-05,2,0,-0.3151808975338337,0.0,-0.3151808975338337,12.166559796572656
2025-08-06,2,0,0.1615960690925904,0.0,0.1615960690925904,12.187836439638643
2025-08-07,2,0,-1.4887394574880417,0.0,-1.4887394574880417,11.991503914972757
2025-08-19,2,0,1.7591341077085492,0.0,1.7591341077085492,12.220041891445335
2025-08-20,2,0,1.4829823152539006,0.0,1.4829823152539006,12.416092774764627
2025-08-26,2,0,-2.3873529247755596,0.0,-2.3873529247755596,12.095803291515681
2025-08-28,2,0,-2.1161990540973283,0.0,-2.1161990540973283,11.81867002613418
2025-09-01,2,0,0.8586247488899915,0.0,0.8586247488899915,11.928734299457112
2025-09-05,2,0,3.0290191187823727,0.0,3.0290191187823727,12.320348133204241
2025-09-08,2,0,1.2438045840503513,0.0,1.2438045840503513,12.486027233896502
2025-09-10,2,0,4.342511844444375,0.0,4.342511844444375,13.071659563873453
2025-09-15,2,0,2.47612858461076,0.0,2.47612858461076,13.42009194866364
2025-10-09,2,0,1.0521282017850577,0.0,1.0521282017850577,13.571809802778867
2025-10-13,2,0,-2.3971858817175393,0.0,-2.3971858817175393,13.222496435475922
2025-10-16,2,0,2.2657862736514494,0.0,2.2657862736514494,13.544747807481503
2025-10-21,2,0,-0.007088804545124283,0.0,-0.007088804545124283,13.543716758737851
2025-10-29,2,0,-1.2735073772291658,0.0,-1.2735073772291658,13.35850145289201
2025-10-31,2,0,4.63060860707919,0.0,4.63060860707919,14.02338745701722
2025-11-04,2,0,0.04287246676626433,0.0,0.04287246676626433,14.029828353811897
2025-11-05,2,0,3.3754328828095375,0.0,3.3754328828095375,14.537150122296296
2025-11-12,2,0,1.8497327107862898,0.0,1.8497327107862898,14.824545870432384
2025-11-13,2,0,1.2758321890241013,0.0,1.2758321890241013,15.026440520414244
2025-11-18,2,0,-2.505883830013755,0.0,-2.505883830013755,14.624836538886411
2025-12-02,2,0,0.535002239848215,0.0,0.535002239848215,14.708429764342076
2025-12-05,2,0,1.6177270915249178,0.0,1.6177270915249178,14.962549288293003
2025-12-18,2,0,-2.1032977241059063,0.0,-2.1032977241059063,14.626809352403054
2025-12-24,2,0,0.2923000987166804,0.0,0.2923000987166804,14.672486531566395
2026-01-12,2,0,1.8985880487321474,0.0,1.8985880487321474,14.97004248779387
2026-01-16,2,0,3.965093539354037,0.0,3.965093539354037,15.603269610709479
2026-01-19,2,0,0.11765686979856049,0.0,0.11765686979856049,15.622804498017654
2026-02-24,2,0,4.6625874294384815,0.0,4.6625874294384815,16.39785729096236
2026-02-25,2,0,2.6342615821614905,0.0,2.6342615821614905,16.856162361697464
2026-02-27,2,0,0.8973531196278699,0.0,0.8973531196278699,17.016395191695974
2026-03-06,2,0,-1.8008548400227973,0.0,-1.8008548400227973,16.691946066888683
2026-03-09,2,0,4.333889331517128,0.0,4.333889331517128,17.458695430019336
2026-03-18,2,0,3.0737731435941167,0.0,3.0737731435941167,18.026073852805105
2026-03-24,2,0,2.2700688498371373,0.0,2.2700688498371373,18.45797882868464
2026-03-25,2,0,0.6543085683221932,0.0,0.6543085683221932,18.585294051383045
2026-03-26,2,0,1.0608548295989344,0.0,1.0608548295989344,18.793065589218298
2026-04-08,2,0,-2.622202521670613,0.0,-2.622202521670613,18.274051324221897
2026-04-13,2,0,3.439450461513505,0.0,3.439450461513505,18.9369727714452
2026-04-14,2,0,-0.7317926291756536,0.0,-0.7317926291756536,18.791075474223007
2026-04-20,2,0,-1.6521340789490353,0.0,-1.6521340789490353,18.464100371722846
2026-05-07,2,0,4.3006770115695545,0.0,4.3006770115695545,19.301188461918354
2026-05-13,2,0,-0.1107597894529741,0.0,-0.1107597894529741,19.27870290832148
2026-05-15,2,0,-4.230849128746538,0.0,-4.230849128746538,18.420741583003664
2026-06-12,2,0,-0.6049659726433507,0.0,-0.6049659726433507,18.303252704791497
2026-06-15,2,0,1.0525292541548774,0.0,1.0525292541548774,18.506425086512873
