日期,信号数,涨停数,日收益率%,日PnL(元),权益(元),累计PnL(元),累计收益率%
2016-06-22,2,0,-0.3180984123570815,-3180.984123570815,996819.0158764292,-3180.9841235708445,-0.3180984123570818
2016-06-27,2,0,2.118485237483964,21184.85237483964,1017936.4795722043,17936.47957220429,1.7936479572204345
2016-06-28,2,0,-0.6071647453669946,-6071.647453669946,1011755.928138012,11755.92813801195,1.1755928138011962
2016-07-04,2,0,0.7967246268741015,7967.246268741014,1019816.836781346,19816.836781346006,1.9816836781346048
2016-07-06,2,0,-0.423969877806196,-4239.69877806196,1015493.1205845972,15493.120584597229,1.5493120584597175
2016-07-12,2,0,0.3086241246075876,3086.241246075876,1018627.1773384516,18627.177338451613,1.862717733845165
2016-07-26,2,0,-3.259402626384011,-32594.02626384011,985426.0163672208,-14573.983632779215,-1.4573983632779175
2016-08-04,2,0,3.629225536368397,36292.25536368397,1021189.3489952377,21189.348995237728,2.1189348995237722
2016-08-05,2,0,1.5487782963536203,15487.782963536203,1037005.3079971508,37005.30799715081,3.700530799715085
2016-08-10,2,0,-2.04566121993302,-20456.6121993302,1015791.6925628063,15791.692562806304,1.5791692562806325
2016-09-19,2,0,-1.6715451215451256,-16715.451215451256,998812.2760807121,-1187.723919287906,-0.11877239192878974
2016-09-23,2,0,-4.6936501815610985,-46936.50181561099,951931.5218709953,-48068.47812900471,-4.806847812900472
2016-10-24,2,0,2.379815395332641,23798.15395332641,974585.7347815057,-25414.265218494344,-2.5414265218494325
2016-11-08,2,0,2.596039603960399,25960.396039603987,999886.366430982,-113.63356901798397,-0.011363356901794575
2016-11-09,2,0,1.9317456233450163,19317.456233450164,1019201.6275529361,19201.627552936086,1.9201627552936085
2016-11-10,2,0,2.094502516453734,20945.02516453734,1040548.8312897697,40548.83128976973,4.054883128976972
2016-11-11,2,0,0.06900369003689535,690.0369003689535,1041266.8483799956,41266.84837999556,4.126684837999561
2016-11-25,2,0,2.1597358009985084,21597.358009985084,1063755.4612883872,63755.46128838719,6.375546128838727
2016-12-14,2,0,0.5452837967662717,5452.837967662717,1069555.9474560092,69555.94745600922,6.955594745600924
2016-12-16,2,0,1.2528552034362765,12528.552034362767,1082955.934797374,82955.93479737407,8.295593479737406
2016-12-27,2,0,-1.0934288123670641,-10934.288123670642,1071114.5825810607,71114.5825810607,7.111458258106063
2017-01-09,2,0,2.1076358830395274,21076.358830395275,1093689.777872008,93689.77787200804,9.368977787200805
2017-01-26,2,0,-0.915111228116355,-9151.11228116355,1083681.2999139405,83681.29991394049,8.368129991394046
2017-02-06,2,0,-0.400907916696974,-4009.07916696974,1079336.7357908208,79336.73579082079,7.933673579082079
2017-03-16,2,0,-2.8438878184542937,-28438.878184542937,1048641.6098415635,48641.609841563506,4.8641609841563405
2017-03-20,2,0,-4.044387597250204,-40443.87597250204,1006230.4786335264,6230.478633526363,0.6230478633526326
2017-04-05,2,0,-1.2579527004847098,-12579.527004847097,993572.5751544556,-6427.4248455443885,-0.6427424845544372
2017-04-11,2,0,-2.2188194256734963,-22188.194256734965,971526.9938487641,-28473.006151235895,-2.8473006151235936
2017-04-12,2,0,-3.995469160016828,-39954.691600168284,932709.9324282982,-67290.06757170183,-6.729006757170186
2017-04-26,2,0,-1.2638856880723857,-12638.856880723857,920921.5450811073,-79078.4549188927,-7.907845491889276
2017-04-28,2,0,1.3631632838921552,13631.632838921552,933475.2094571054,-66524.79054289463,-6.652479054289461
2017-05-16,2,0,-1.940151456531047,-19401.51456531047,915364.3765844671,-84635.62341553287,-8.463562341553288
2017-06-08,2,0,-1.6422689479458514,-16422.689479458513,900331.6316672624,-99668.36833273759,-9.966836833273762
2017-06-09,2,0,0.2573196547793424,2573.1965477934236,902648.3619137378,-97351.63808626216,-9.735163808626213
2017-06-13,2,1,4.200392534143953,42003.92534143953,940563.1363171352,-59436.863682864816,-5.943686368286483
2017-06-21,2,0,-2.0396305885105486,-20396.305885105485,921379.1228845568,-78620.87711544323,-7.862087711544319
2017-06-22,2,0,-0.44249321054028967,-4424.932105402897,917302.0828224571,-82697.91717754293,-8.269791717754293
2017-07-07,2,0,1.6996235648409468,16996.235648409467,932892.7651828843,-67107.2348171157,-6.710723481711566
2017-07-10,2,0,1.8551224039911887,18551.224039911885,950199.067875005,-49800.932124995044,-4.980093212499503
2017-07-13,2,0,-0.9122448979591855,-9122.448979591856,941530.9253578596,-58469.07464214042,-5.846907464214047
2017-07-18,2,0,1.4895542301051614,14895.542301051615,955555.539084276,-44444.46091572405,-4.4444460915724076
2017-07-19,2,0,-1.0596838303889575,-10596.838303889577,945429.6715462138,-54570.328453786206,-5.457032845378618
2017-07-20,2,0,2.3115367539076286,23115.367539076284,967283.6258863527,-32716.374113647267,-3.271637411364725
2017-08-17,2,0,0.37629071255866375,3762.9071255866374,970923.4243346638,-29076.57566533622,-2.907657566533617
2017-08-21,2,0,1.1501885091385946,11501.885091385946,982090.8739938961,-17909.126006103936,-1.7909126006103948
2017-08-24,2,0,-3.012059745528306,-30120.59745528306,952509.7101138188,-47490.28988618124,-4.74902898861812
2017-09-04,2,0,-2.2296069664470837,-22296.069664470837,931272.4872610362,-68727.51273896382,-6.872751273896382
2017-09-22,2,0,-2.1912260884737966,-21912.260884737967,910866.2015653936,-89133.7984346064,-8.913379843460644
2017-09-26,2,0,0.7705193560400228,7705.193560400228,917884.6019560815,-82115.39804391854,-8.211539804391855
2017-09-29,2,0,0.4173184357541996,4173.184357541995,921715.1036189933,-78284.89638100669,-7.828489638100667
2017-10-31,2,0,-3.3279472052794743,-33279.47205279474,891040.9115874663,-108959.08841253375,-10.895908841253377
2017-11-06,2,0,-0.806424440045028,-8064.2444004502795,883855.339905625,-116144.66009437502,-11.614466009437507
2017-11-09,2,0,-2.122321944284,-21223.21944284,865097.0840710818,-134902.91592891817,-13.490291592891811
2017-11-14,2,0,2.1099807445442877,21099.807445442875,883350.4659665958,-116649.5340334042,-11.664953403340416
2017-11-21,2,0,-2.0376594738317153,-20376.59473831715,865350.7915096909,-134649.20849030907,-13.464920849030904
2017-12-11,2,0,-1.856066661639399,-18560.66661639399,849289.3039622469,-150710.69603775314,-15.07106960377531
2017-12-27,2,0,1.588174452112601,15881.744521126011,862777.4997123004,-137222.50028769963,-13.722250028769967
2018-01-04,2,0,-0.4274493050808844,-4274.493050808845,859089.5632853858,-140910.43671461416,-14.091043671461412
2018-01-09,2,0,0.9705660231957961,9705.660231957962,867427.594695455,-132572.40530454495,-13.257240530454496
2018-01-18,2,0,0.4809294277592415,4809.294277592416,871599.3092628495,-128400.6907371505,-12.840069073715055
2018-02-02,2,0,-4.182454807536001,-41824.548075360006,835145.062050135,-164854.937949865,-16.485493794986507
2018-02-23,2,0,2.696417732225487,26964.17732225487,857664.0615930603,-142335.93840693973,-14.23359384069397
2018-02-26,2,0,0.39914117015566486,3991.4117015566485,861087.3519645075,-138912.64803549252,-13.891264803549252
2018-04-18,2,0,0.08928217249340475,892.8217249340476,861856.1494594072,-138143.8505405928,-13.814385054059276
2018-05-21,2,0,-0.37435465768798615,-3743.5465768798617,858629.7508213356,-141370.2491786644,-14.137024917866437
2018-06-22,2,0,0.997065752837867,9970.65752837867,867190.8540104523,-132809.14598954772,-13.280914598954773
2018-06-29,2,0,0.40976211222927295,4097.6211222927295,870744.2735709045,-129255.72642909549,-12.925572642909543
2018-07-11,2,0,0.6725452196382433,6725.452196382434,876600.4225580795,-123399.57744192053,-12.339957744192054
2018-07-18,2,0,-1.0767176906409377,-10767.176906409377,867161.9107321635,-132838.08926783653,-13.283808926783658
2018-07-19,2,0,-1.3475461861044922,-13475.461861044923,855476.5034767413,-144523.49652325874,-14.452349652325868
2018-07-24,2,0,-1.8699194892823563,-18699.194892823565,839479.7816119984,-160520.21838800155,-16.052021838800158
2018-07-25,2,0,1.286887840664275,12868.87840664275,850282.9448463983,-149717.0551536017,-14.971705515360167
2018-07-26,2,0,0.559770949636152,5597.70949636152,855042.5817613592,-144957.41823864076,-14.495741823864073
2018-07-27,2,0,0.0107691006722761,107.69100672276099,855134.66215778,-144865.33784221997,-14.486533784222
2018-07-31,2,0,4.308712229530077,43087.12229530077,891979.9539251231,-108020.04607487691,-10.802004607487692
2018-08-21,2,0,2.7739450251645374,27739.450251645376,916722.987482494,-83277.01251750602,-8.327701251750607
2018-08-22,2,0,-2.630967802749767,-26309.67802749767,892604.3008414238,-107395.6991585762,-10.739569915857617
2018-08-27,2,0,1.502153222031522,15021.53222031522,906012.5851065053,-93987.41489349469,-9.398741489349472
2018-08-29,2,0,-2.0676821248249873,-20676.82124824987,887279.1248355934,-112720.8751644066,-11.272087516440665
2018-09-20,2,0,-0.2755528809989469,-2755.528809989469,884834.2016446067,-115165.79835539334,-11.516579835539332
2018-09-21,2,0,-1.8759098113094725,-18759.098113094726,868235.5100421336,-131764.48995786638,-13.176448995786638
2018-09-27,2,0,-1.6794579681535469,-16794.57968153547,853653.8595863925,-146346.14041360747,-14.634614041360749
2018-10-22,2,0,-0.649433613690503,-6494.336136905031,848109.9444776722,-151890.05552232778,-15.189005552232782
2018-10-23,2,0,1.2451766304347804,12451.766304347804,858670.4113067015,-141329.58869329852,-14.132958869329848
2018-10-25,2,0,1.1021647177881626,11021.647177881627,868134.3736222106,-131865.62637778942,-13.186562637778943
2018-10-26,2,0,2.205966587112174,22059.66587112174,887285.1278355522,-112714.87216444779,-11.271487216444775
2018-10-30,2,0,0.297463353065858,2974.63353065858,889924.4759280665,-110075.52407193347,-11.007552407193344
2018-11-09,2,0,4.678910243649604,46789.10243649604,931563.24339301,-68436.75660699,-6.843675660699001
2018-11-12,2,0,2.7004320622169513,27004.320622169515,956719.475897423,-43280.52410257701,-4.328052410257699
2018-11-13,2,0,-2.878068264342781,-28780.68264342781,929184.4362828326,-70815.56371716736,-7.081556371716735
2018-11-16,2,0,1.7586034119337794,17586.034119337794,945525.1054824602,-54474.89451753977,-5.447489451753973
2018-11-22,2,0,-5.0815581363654765,-50815.58136365476,897477.6975534381,-102522.30244656187,-10.252230244656191
2018-11-26,2,0,2.3864455328110328,23864.455328110325,918895.5139746775,-81104.48602532246,-8.11044860253225
2018-12-03,2,0,1.2913521176679212,12913.521176679213,930761.6906535451,-69238.30934645492,-6.923830934645492
2018-12-05,2,0,-2.0431283861026936,-20431.283861026935,911745.0343448332,-88254.96565516677,-8.825496565516676
2018-12-20,2,0,0.7034013605442264,7034.013605442264,918158.2613211093,-81841.73867889075,-8.184173867889077
2019-01-07,2,0,0.6667429826767048,6667.429826767049,924280.0170983342,-75719.98290166585,-7.571998290166581
2019-01-11,2,0,-3.379870321249628,-33798.70321249628,893040.5511151867,-106959.44888481335,-10.695944888481336
2019-01-29,2,0,-3.643269728504361,-36432.697285043614,860504.6750531385,-139495.32494686148,-13.949532494686146
2019-01-30,2,0,0.021927222744694497,219.27222744694495,860693.359829966,-139306.64017003402,-13.930664017003402
2019-02-01,2,0,1.484062620571547,14840.626205715469,873466.5882609438,-126533.41173905623,-12.65334117390562
2019-02-11,2,0,1.433500143625999,14335.00143625999,885987.7330581895,-114012.26694181049,-11.401226694181055
2019-02-18,2,0,-0.25244030438204534,-2524.4030438204536,883751.1429280699,-116248.85707193008,-11.62488570719301
2019-02-20,2,1,4.561130668125433,45611.306681254326,924060.1873380711,-75939.81266192894,-7.593981266192895
2019-02-22,2,0,4.027122153209106,40271.22153209106,961273.2198513481,-38726.78014865192,-3.872678014865194
2019-02-25,2,0,0.990045319581179,9900.453195811791,970790.2603728736,-29209.73962712637,-2.9209739627126363
2019-02-28,2,0,0.8796733212341205,8796.733212341203,979330.0432985132,-20669.956701486837,-2.066995670148686
2019-03-01,2,0,-0.1071765659757582,-1071.765659757582,978280.4309885369,-21719.569011463085,-2.1719569011463102
2019-03-05,2,0,-1.8771256334669357,-18771.256334669357,959916.8782512603,-40083.12174873974,-4.008312174873973
2019-03-06,2,0,4.662566940698154,46625.66940698154,1004673.6452747853,4673.645274785347,0.46736452747853097
2019-03-07,2,0,-2.625112830431986,-26251.12830431986,978299.8285087083,-21700.171491291723,-2.1700171491291775
2019-03-15,2,0,3.1094287534508496,31094.287534508494,1008719.3646713184,8719.364671318443,0.8719364671318397
2019-03-18,2,0,-0.5822590456724338,-5822.590456724338,1002846.0049250702,2846.004925070214,0.28460049250702557
2019-03-19,2,0,0.8420738088442741,8420.73808844274,1011290.7084755853,11290.708475585328,1.1290708475585332
2019-03-20,2,0,4.7043879363856345,47043.879363856344,1058865.7465668996,58865.74656689959,5.886574656689958
2019-03-21,2,0,-0.2600278067431455,-2600.278067431455,1056112.401189747,56112.401189747034,5.611240118974714
2019-03-22,2,0,0.10790879942999565,1079.0879942999566,1057252.0394025021,57252.03940250212,5.725203940250223
2019-03-25,2,0,-1.409057301293903,-14090.57301293903,1042354.7523482227,42354.75234822265,4.235475234822261
2019-03-29,2,0,2.2587905733319373,22587.90573331937,1065899.3632349418,65899.36323494185,6.589936323494183
2019-04-01,2,0,2.96515785116287,29651.5785116287,1097504.9618893978,97504.96188939782,9.750496188939772
2019-04-02,2,0,4.468311767624723,44683.11767624723,1146544.9052517668,146544.9052517668,14.654490525176689
2019-04-03,2,0,1.5290341461959844,15290.341461959844,1164075.9683545367,164075.9683545367,16.407596835453674
2019-04-04,2,0,4.685659655831742,46856.59655831742,1218620.606366958,218620.606366958,21.8620606366958
2019-04-08,2,0,2.9209211553473784,29209.211553473786,1254215.553461753,254215.55346175306,25.421555346175317
2019-04-09,2,0,1.201526896875738,12015.26896875738,1269285.290681395,269285.290681395,26.928529068139497
2019-04-10,2,0,4.732174402243716,47321.74402243717,1329350.0842984647,329350.0842984647,32.93500842984647
2019-04-12,2,0,0.7790629789707575,7790.629789707575,1339706.5586661508,339706.5586661508,33.970655866615076
2019-04-19,2,0,-4.257075788061698,-42570.75788061698,1282674.2351260995,282674.23512609955,28.26742351260996
2019-05-07,2,0,-0.7214483858588635,-7214.483858588635,1273420.4025609547,273420.4025609547,27.34204025609548
2019-05-09,2,0,4.660057878395086,46600.578783950856,1332762.530355587,332762.5303555869,33.2762530355587
2019-05-10,2,0,-0.31871360479067645,-3187.1360479067644,1328514.8348517912,328514.83485179115,32.85148348517912
2019-05-16,2,0,-3.248717948717949,-32487.17948717949,1285355.1349605806,285355.1349605806,28.53551349605805
2019-05-27,2,0,-1.694007911612982,-16940.07911612982,1263581.1172820246,263581.1172820246,26.35811172820246
2019-05-28,2,0,0.7955094288427504,7955.094288427505,1273633.0242110796,273633.0242110796,27.36330242110796
2019-06-11,2,0,-1.6621200889547882,-16621.200889547883,1252463.7138561048,252463.71385610476,25.246371385610477
2019-06-13,2,0,-3.7189438560125403,-37189.4385601254,1205885.2915208666,205885.29152086657,20.588529152086664
2019-06-21,2,0,-0.8434782608695677,-8434.782608695676,1195713.9112358645,195713.9112358645,19.57139112358646
2019-06-26,2,0,0.38303144742056217,3830.3144742056215,1200293.8715370803,200293.87153708027,20.029387153708033
2019-07-01,2,0,-1.7187702265372136,-17187.702265372136,1179663.5778421503,179663.57784215035,17.966357784215027
2019-07-02,2,0,-3.951728732730214,-39517.28732730214,1133046.4732870087,133046.4732870087,13.30464732870087
2019-07-11,2,0,-2.9866436600949897,-29866.4366009499,1099206.4126266523,99206.41262665228,9.920641262665232
2019-07-12,2,0,2.901472747594725,29014.72747594725,1131099.5871288283,131099.58712882828,13.109958712882829
2019-07-15,2,0,1.6909927390447392,16909.927390447392,1150226.3990185417,150226.39901854168,15.022639901854173
2019-08-01,2,0,0.767777190199176,7677.7719019917595,1159057.5749458557,159057.57494585565,15.90575749458556
2019-08-08,2,0,-4.088811762949695,-40888.117629496955,1111665.8924821098,111665.89248210983,11.16658924821099
2019-08-16,2,0,2.165986394557829,21659.86394557829,1135744.4244662123,135744.42446621228,13.574442446621227
2019-08-19,2,0,-1.2096691215689956,-12096.691215689956,1122005.674863503,122005.67486350308,12.2005674863503
2019-08-20,2,0,1.120461867573908,11204.61867573908,1134577.320602364,134577.3206023639,13.457732060236394
2019-08-22,2,0,-3.0723912253060313,-30723.912253060313,1099718.6665598645,99718.66655986453,9.97186665598646
2019-08-23,2,0,2.2316455696202557,22316.45569620256,1124260.489460435,124260.489460435,12.426048946043512
2019-08-26,2,0,4.763160129504795,47631.60129504795,1177810.8168461898,177810.8168461898,17.781081684618982
2019-09-03,2,0,3.268419915757637,32684.19915757637,1216306.6201539384,216306.62015393842,21.63066201539383
2019-09-04,2,0,-1.9338924233661123,-19338.924233661124,1192784.5585818808,192784.55858188076,19.27845585818808
2019-09-06,2,0,0.2189518911302759,2189.518911302759,1195396.1829300057,195396.1829300057,19.539618293000572
2019-09-09,2,0,-1.739979552221282,-17399.79552221282,1174596.53377899,174596.53377898992,17.459653377898988
2019-09-11,2,0,1.7939709347996882,17939.709347996883,1195668.4541961495,195668.45419614948,19.566845419614953
2019-09-18,2,0,4.754908551992788,47549.08551992788,1252521.3957782022,252521.39577820222,25.25213957782022
2019-09-19,2,0,-1.8469215746736487,-18469.21574673649,1229388.3078921712,229388.3078921712,22.938830789217125
2019-09-23,2,0,-3.1656987064066717,-31656.987064066714,1190469.578132514,190469.5781325139,19.046957813251385
2019-10-08,2,0,0.21730895362416836,2173.0895362416836,1193056.5751159675,193056.57511596754,19.305657511596763
2019-10-11,2,0,0.39209381044487146,3920.938104448715,1197734.476102103,197734.476102103,19.773447610210294
2019-10-15,2,0,-1.6267390694551183,-16267.39069455118,1178250.4614310164,178250.46143101645,17.825046143101652
2019-10-17,2,0,0.433202205753231,4332.022057532309,1183354.6684192333,183354.6684192333,18.33546684192333
2019-11-12,2,0,2.2073746312684333,22073.746312684332,1209475.7391678502,209475.73916785023,20.947573916785032
2019-11-13,2,0,-1.313866726450302,-13138.66726450302,1193584.8398664352,193584.83986643516,19.358483986643527
2019-11-14,2,0,-4.181523453258517,-41815.23453258517,1143674.809852882,143674.80985288206,14.367480985288195
2019-11-21,2,0,2.0097826086956436,20097.826086956436,1166660.187281338,166660.18728133803,16.666018728133803
2019-11-22,2,0,1.8700004982064535,18700.004982064536,1188476.7385958752,188476.7385958752,18.847673859587523
2019-11-25,2,0,1.0307538296235712,10307.538296235713,1200727.0080931373,200727.0080931373,20.072700809313737
2019-12-03,2,0,-0.4512376512376513,-4512.376512376513,1195308.8757440418,195308.87574404175,19.530887574404176
2019-12-06,2,0,0.5198558847077651,5198.558847077651,1201522.7592750315,201522.7592750315,20.152275927503148
2019-12-16,2,0,0.7953832307157297,7953.832307157297,1211079.469815538,211079.46981553803,21.107946981553805
2019-12-18,2,0,1.8559392987964332,18559.392987964333,1233556.3696355,233556.3696355,23.35563696355001
2019-12-19,2,0,2.08513896766876,20851.3896766876,1259277.7341869299,259277.73418692988,25.92777341869299
2019-12-24,2,0,0.5749864762522992,5749.864762522991,1266518.410856961,266518.41085696104,26.65184108569609
2019-12-25,2,0,1.9004138709475153,19004.138709475155,1290587.502414991,290587.5024149909,29.058750241499087
2020-01-03,2,0,1.9990047082662836,19990.047082662837,1316386.4073525628,316386.40735256276,31.638640735256285
2020-02-05,2,0,0.9051001765798429,9051.00176579843,1328301.0230499841,328301.0230499841,32.83010230499841
2020-02-06,2,0,1.6361272041438784,16361.272041438782,1350033.7174410264,350033.71744102635,35.00337174410264
2020-02-07,2,0,4.553479853479848,45534.79853479848,1411507.2307798886,411507.2307798886,41.15072307798886
2020-02-10,2,0,-0.9493506493506496,-9493.506493506495,1398107.0777188484,398107.07771884836,39.81070777188484
2020-02-17,2,0,1.9393048128342198,19393.048128342198,1425220.6355656257,425220.63556562574,42.522063556562586
2020-02-19,2,0,3.158665457496057,31586.654574960572,1470238.5874743431,470238.58747434313,47.02385874743431
2020-02-24,2,0,3.3841592518022994,33841.59251802299,1519993.8026559236,519993.80265592365,51.999380265592364
2020-02-27,2,0,-3.09032561641257,-30903.256164125698,1473021.0448045642,473021.0448045642,47.30210448045642
2020-03-02,2,0,0.37545701669855513,3754.5701669855516,1478551.6056747294,478551.60567472945,47.85516056747294
2020-03-04,2,1,5.665608502629918,56656.08502629918,1562320.551161608,562320.551161608,56.23205511616081
2020-03-05,2,0,2.612826420890935,26128.264208909353,1603141.2753013675,603141.2753013675,60.314127530136744
2020-03-17,2,0,-3.3923024996525495,-33923.0249965255,1548757.8737463574,548757.8737463574,54.87578737463574
2020-03-20,2,0,-4.87613287250384,-48761.3287250384,1473238.38194912,473238.38194911997,47.32383819491199
2020-03-24,2,0,-2.9671555992674508,-29671.555992674505,1429525.1068085595,429525.1068085595,42.95251068085595
2020-03-25,2,0,-2.7691358024691297,-27691.358024691297,1389939.6152706386,389939.6152706386,38.99396152706387
2020-03-30,2,0,-0.44977359804946304,-4497.735980494631,1383688.0338523209,383688.03385232086,38.36880338523208
2020-03-31,2,0,-4.605247597930534,-46052.47597930534,1319965.773910485,319965.773910485,31.996577391048508
2020-04-07,2,0,-0.048127917547174714,-481.2791754717471,1319330.5018711663,319330.5018711663,31.933050187116628
2020-04-08,2,0,-1.0042253521126752,-10042.253521126751,1306081.4504932205,306081.4504932205,30.608145049322054
2020-04-13,2,0,4.13652173913044,41365.217391304395,1360107.7936236227,360107.79362362274,36.01077936236228
2020-04-14,2,0,1.0968013767728884,10968.013767728884,1375025.474629682,375025.474629682,37.502547462968195
2020-04-16,2,0,-0.21428571428571663,-2142.8571428571663,1372078.9914697614,372078.99146976136,37.20789914697613
2020-04-22,2,0,-0.21761892107360303,-2176.1892107360304,1369093.087972247,369093.08797224704,36.909308797224696
2020-04-27,2,0,-0.917564373514512,-9175.64373514512,1356530.7775567642,356530.7775567642,35.65307775567641
2020-04-30,2,0,0.5985661942052526,5985.661942052526,1364650.5122052087,364650.51220520865,36.46505122052086
2020-05-06,2,0,-1.0792207792207793,-10792.207792207791,1349922.9203137474,349922.92031374737,34.99229203137473
2020-05-07,2,0,-0.4052631578947361,-4052.631578947361,1344452.180057739,344452.1800577389,34.445218005773896
2020-05-11,2,0,-0.09281363866061576,-928.1363866061577,1343204.3450693754,343204.34506937535,34.32043450693754
2020-05-13,2,0,4.6805722359590245,46805.72235959024,1406073.9947168878,406073.9947168878,40.60739947168879
2020-05-18,2,0,-1.0758009958191537,-10758.009958191536,1390947.4366797693,390947.4366797693,39.09474366797694
2020-05-20,2,0,-1.7656597364390398,-17656.5973643904,1366388.0378352837,366388.03783528367,36.638803783528374
2020-05-21,2,0,1.7988036303630444,17988.036303630444,1390966.6754647112,390966.67546471115,39.09666754647112
2020-05-22,2,0,-1.6315774070822404,-16315.774070822403,1368271.9774477861,368271.97744778614,36.82719774477861
2020-05-25,2,0,1.0728262406333957,10728.262406333957,1382951.1582650796,382951.1582650796,38.29511582650795
2020-05-27,2,0,3.591808893875859,35918.08893875859,1432624.1209656042,432624.1209656042,43.26241209656041
2020-05-29,2,0,1.4475693705201744,14475.693705201746,1453362.348935386,453362.34893538593,45.336234893538595
2020-06-01,2,0,4.424993815453115,44249.938154531155,1517673.5429919008,517673.5429919008,51.76735429919008
2020-06-02,2,0,1.8491228070175452,18491.228070175453,1545737.1906114353,545737.1906114353,54.57371906114354
2020-06-03,2,0,4.806475445458492,48064.75445458492,1620032.6691294936,620032.6691294936,62.00326691294937
2020-06-04,2,0,4.68579713575572,46857.9713575572,1695944.1135378706,695944.1135378706,69.59441135378705
2020-06-05,2,0,1.4203883495145622,14203.883495145621,1720033.1061408406,720033.1061408406,72.00331061408404
2020-06-08,2,0,1.6832093189866728,16832.09318986673,1748984.863673059,748984.863673059,74.89848636730589
2020-06-11,2,0,4.764321771698421,47643.21771698422,1832312.1303167446,832312.1303167446,83.23121303167447
2020-06-12,2,0,-1.9838398330507432,-19838.398330507433,1795961.9924097005,795961.9924097005,79.59619924097005
2020-06-16,2,0,-0.0884446777698551,-884.446777698551,1794373.5596126448,794373.5596126448,79.43735596126449
2020-06-22,2,0,3.884566762601172,38845.667626011724,1864077.1985062615,864077.1985062615,86.40771985062614
2020-06-23,2,0,2.934343471514345,29343.434715143452,1918775.6260846176,918775.6260846176,91.87756260846176
2020-06-30,2,0,-0.0470258008194554,-470.258008194554,1917873.3064805227,917873.3064805227,91.78733064805226
2020-07-02,2,0,-0.5661971438393752,-5661.971438393753,1907014.3625967721,907014.3625967721,90.70143625967721
2020-07-06,2,0,-1.4562841530054658,-14562.841530054659,1879242.8146387371,879242.8146387371,87.92428146387373
2020-07-08,2,0,3.4273010677265963,34273.010677265964,1943650.1236900259,943650.1236900259,94.36501236900259
2020-07-09,2,0,1.051351351351338,10513.51351351338,1964084.7155309832,964084.7155309832,96.40847155309831
2020-07-10,2,0,1.10095894516033,11009.5894516033,1985708.4818971485,985708.4818971485,98.57084818971484
2020-07-13,2,0,0.21546391752577135,2154.6391752577133,1989986.9671828859,989986.9671828859,98.99869671828858
2020-07-14,2,0,0.3895633652822199,3895.633652822199,1997739.2273809211,997739.2273809211,99.77392273809211
2020-07-15,2,0,-5.108136846971805,-51081.36846971804,1895691.9738006666,895691.9738006666,89.56919738006665
2020-07-20,2,0,-0.1099164703362685,-1099.164703362685,1893608.296094617,893608.2960946171,89.3608296094617
2020-07-22,2,0,2.758861357124243,27588.61357124243,1945850.32363087,945850.3236308701,94.58503236308702
2020-07-23,2,0,1.11957194913665,11195.719491366499,1967635.5180264262,967635.5180264262,96.76355180264262
2020-07-24,2,0,2.9547169811320777,29547.169811320775,2025773.5788043393,1025773.5788043393,102.57735788043392
2020-07-28,2,0,-0.5026074700493375,-5026.074700493375,2015591.8894709828,1015591.8894709828,101.55918894709828
2020-07-29,2,0,0.05575204209268292,557.5204209268292,2016715.6231096177,1016715.6231096177,101.67156231096178
2020-07-30,2,0,-1.3231783334527565,-13231.783334527565,1990030.8789372745,990030.8789372745,99.00308789372745
2020-08-03,2,0,0.7144089781186528,7144.089781186528,2004247.838203736,1004247.8382037361,100.4247838203736
2020-08-05,2,0,0.22403116128605394,2240.3116128605393,2008737.9779107147,1008737.9779107147,100.87379779107147
2020-08-07,2,0,4.043043995243757,40430.43995243756,2089952.1381068146,1089952.1381068146,108.99521381068146
2020-08-10,2,0,-3.3331262939958526,-33331.26293995853,2020291.393859648,1020291.3938596479,102.02913938596478
2020-08-11,2,0,0.1667383722825269,1667.383722825269,2023659.9948451337,1023659.9948451337,102.36599948451337
2020-08-17,2,1,4.634898661387624,46348.986613876245,2117454.5848572473,1117454.5848572473,111.74545848572475
2020-08-21,2,0,-4.091989120681921,-40919.89120681921,2030808.5736095083,1030808.5736095083,103.08085736095083
2020-08-24,2,0,1.3514670769883832,13514.670769883833,2058254.2828784983,1058254.2828784983,105.82542828784982
2020-08-28,2,0,-0.46132947963386484,-4613.294796338649,2048758.9491057529,1048758.9491057529,104.8758949105753
2020-09-02,2,0,1.659205582393997,16592.055823939972,2082752.0719591125,1082752.0719591125,108.27520719591126
2020-09-03,2,0,1.4387750797542735,14387.750797542736,2112718.1897435263,1112718.1897435263,111.27181897435263
2020-09-04,2,0,1.7916408211490213,17916.408211490212,2150570.511266812,1150570.5112668122,115.05705112668122
2020-09-17,2,0,-1.818584131093925,-18185.84131093925,2111460.5772209284,1111460.5772209284,111.14605772209285
2020-09-25,2,0,-1.2544799108605724,-12544.799108605725,2084972.7284539514,1084972.7284539514,108.49727284539514
2020-09-30,2,0,3.322443601096348,33224.43601096348,2154244.7714550737,1154244.7714550737,115.42447714550738
2020-10-09,2,0,1.668446518650696,16684.46518650696,2190187.1933476306,1190187.1933476306,119.01871933476306
2020-10-12,2,0,-1.1884361460697432,-11884.361460697432,2164158.217075297,1164158.2170752971,116.41582170752973
2020-10-13,2,0,-1.0278204256146113,-10278.204256146113,2141914.5568775805,1141914.5568775805,114.19145568775804
2020-10-26,2,0,-0.8612964807436891,-8612.96480743689,2123466.322178657,1123466.3221786572,112.34663221786572
2020-11-03,2,0,1.0321364919538394,10321.364919538395,2145383.392984213,1145383.3929842128,114.5383392984213
2020-11-12,2,0,1.6984917043740557,16984.917043740556,2181822.551941069,1181822.5519410688,118.18225519410687
2020-11-13,2,0,4.266814047036327,42668.140470363265,2274916.8630686966,1274916.8630686966,127.49168630686967
2020-11-25,2,0,1.4745185848634104,14745.185848634103,2308460.935004836,1308460.935004836,130.8460935004836
2020-11-26,2,0,-2.24119177725735,-22411.917772573503,2256723.8983483096,1256723.8983483096,125.67238983483095
2020-12-01,2,0,3.2278538006533024,32278.538006533025,2329567.646471397,1329567.646471397,132.9567646471397
2020-12-02,2,0,0.5146581636315876,5146.581636315876,2341556.9565412826,1341556.9565412826,134.15569565412824
2020-12-03,2,0,1.0789040658199527,10789.040658199527,2366820.109748896,1366820.1097488962,136.68201097488964
2020-12-04,2,0,-1.3981798756057482,-13981.798756057482,2333727.7072825977,1333727.7072825977,133.37277072825975
2020-12-07,2,0,1.5582694865406705,15582.694865406706,2370093.4740441274,1370093.4740441274,137.00934740441272
2020-12-11,2,0,2.954129059986488,29541.29059986488,2440109.094109708,1440109.094109708,144.0109094109708
2020-12-14,2,0,-3.0016567083106955,-30016.567083106955,2366865.395796265,1366865.395796265,136.6865395796265
2020-12-18,2,0,2.5660728877267562,25660.728877267564,2427600.8870067797,1427600.8870067797,142.76008870067795
2020-12-21,2,0,-4.588637380906701,-45886.37380906701,2316207.0852463637,1316207.0852463637,131.62070852463637
2020-12-22,2,0,4.732757331926308,47327.57331926308,2425827.545895958,1425827.5458959579,142.58275458959577
2020-12-23,2,0,4.774572136884304,47745.721368843035,2541650.4319911706,1541650.4319911706,154.16504319911706
2020-12-25,2,0,-0.5578680203045578,-5578.680203045578,2527471.377043159,1527471.3770431592,152.74713770431592
2021-01-04,2,0,2.3791859771486243,23791.85977148624,2587604.6216222155,1587604.6216222155,158.76046216222153
2021-01-12,2,0,2.3023535275655487,23023.535275655486,2647180.4279075842,1647180.4279075842,164.7180427907584
2021-01-15,2,0,3.7031341263622846,37031.341263622846,2745209.0697198133,1745209.0697198133,174.52090697198136
2021-01-21,2,0,0.9551687341603224,9551.687341603225,2771430.4484411106,1771430.4484411106,177.14304484411105
2021-01-22,2,0,-0.0613664247905481,-613.664247905481,2769729.720659346,1769729.7206593459,176.97297206593458
2021-01-26,2,0,-2.135407149047258,-21354.07149047258,2710584.7141950997,1710584.7141950997,171.05847141950997
2021-01-27,2,0,-1.6721320487226183,-16721.32048722618,2665260.1584812673,1665260.1584812673,166.52601584812672
2021-02-01,2,0,1.608359497645207,16083.59497645207,2708127.1233771546,1708127.1233771546,170.81271233771545
2021-02-02,2,0,1.8116138763197625,18116.138763197625,2757187.930132634,1757187.930132634,175.7187930132634
2021-02-03,2,0,-0.19623586660942838,-1962.3586660942838,2751777.338503888,1751777.3385038879,175.17773385038876
2021-02-04,2,0,-1.4295995670995705,-14295.995670995706,2712437.941585092,1712437.9415850919,171.24379415850916
2021-02-09,2,0,2.789964455827088,27899.64455827088,2788113.996041684,1788113.996041684,178.8113996041684
2021-02-10,2,0,4.322027934747853,43220.27934747852,2908617.06180322,1908617.0618032198,190.861706180322
2021-02-18,2,0,3.092333472978626,30923.33472978626,2998561.200806129,1998561.2008061288,199.85612008061287
2021-02-19,2,0,2.7553304780645997,27553.304780645998,3081181.4714753595,2081181.4714753595,208.11814714753595
2021-02-22,2,0,0.7600152391197217,7600.152391197217,3104598.9202035055,2104598.9202035055,210.45989202035057
2021-02-23,2,0,2.785395051875495,27853.950518754948,3191074.264907434,2191074.264907434,219.10742649074342
2021-02-24,2,0,0.6945812469990935,6945.812469990936,3213238.8683292954,2213238.8683292954,221.32388683292956
2021-02-25,2,0,-3.320833333333328,-33208.33333333328,3106532.5609101937,2106532.5609101937,210.6532560910194
2021-03-01,2,0,1.4624987323800855,14624.987323800857,3151965.56023448,2151965.56023448,215.19655602344804
2021-03-03,2,0,-1.0440476190476164,-10440.476190476165,3119057.5388496513,2119057.5388496513,211.90575388496512
2021-03-04,2,0,1.6099522511937252,16099.522511937254,3169272.8759123893,2169272.8759123893,216.92728759123892
2021-03-05,2,0,0.46923076923076645,4692.307692307664,3184144.079407055,2184144.079407055,218.4144079407055
2021-03-12,2,0,4.5676880222841225,45676.880222841224,3329585.8471344006,2329585.8471344006,232.95858471344008
2021-03-17,2,0,1.5836422676227873,15836.422676227872,3382314.5759464074,2382314.5759464074,238.23145759464074
2021-03-18,2,0,2.042574257425745,20425.74257425745,3451400.862779848,2451400.862779848,245.1400862779848
2021-03-22,2,0,1.5017883908588772,15017.883908588772,3503233.600259079,2503233.600259079,250.3233600259079
2021-03-23,2,0,4.566925064599481,45669.250645994805,3663223.653620782,2663223.653620782,266.3223653620782
2021-03-26,2,0,-2.414550473186122,-24145.504731861223,3574773.2695584157,2574773.2695584157,257.47732695584153
2021-03-29,2,0,-4.942665593993029,-49426.655939930286,3398084.181100692,2398084.181100692,239.8084181100692
2021-04-06,2,0,2.7511155511155354,27511.155511155353,3491569.40344695,2491569.40344695,249.15694034469502
2021-04-07,2,0,-0.9865401987353246,-9865.401987353247,3457123.667715203,2457123.667715203,245.7123667715203
2021-04-14,2,0,-2.325145705604392,-23251.457056043917,3376740.50521789,2376740.50521789,237.67405052178896
2021-04-15,2,0,-0.7354561822216663,-7354.561822216663,3351906.058414682,2351906.058414682,235.1906058414682
2021-04-19,2,0,0.5636478464064679,5636.478464064679,3370799.0047265044,2370799.0047265044,237.07990047265045
2021-04-28,2,0,4.743922617231666,47439.22617231666,3530707.101093145,2530707.101093145,253.0707101093145
2021-04-30,2,0,4.725425025425023,47254.25025425023,3697548.0180226592,2697548.0180226592,269.75480180226594
2021-05-06,2,0,3.75859984399376,37585.998439937604,3836524.052059653,2836524.052059653,283.65240520596535
2021-05-07,2,0,4.356862745098045,43568.62745098045,4003676.139190567,3003676.139190567,300.3676139190567
2021-05-10,2,0,1.922093740363862,19220.93740363862,4080630.5476463907,3080630.5476463907,308.06305476463905
2021-05-11,2,0,-0.46399540136605716,-4639.954013660572,4061696.609558573,3061696.609558573,306.1696609558573
2021-05-12,2,0,-0.31724879814825035,-3172.487981482504,4048810.9258803204,3048810.9258803204,304.88109258803206
2021-05-13,2,0,0.8466873194368731,8466.873194368733,4083091.6945777237,3083091.6945777237,308.3091694577724
2021-05-21,2,0,-1.1857133449672368,-11857.133449672367,4034677.9314678665,3034677.9314678665,303.4677931467867
2021-05-24,2,0,1.3293279022403297,13293.279022403296,4088312.030976402,3088312.030976402,308.8312030976402
2021-05-28,2,0,3.6679688925378766,36679.68892537877,4238270.0445025,3238270.0445025004,323.82700445025006
2021-05-31,2,0,4.0104820875718765,40104.82087571877,4408245.105460198,3408245.1054601977,340.8245105460198
2021-06-01,2,0,3.6721822541966436,36721.82254196643,4570123.8999443995,3570123.8999443995,357.01238999443996
2021-06-04,2,0,1.5720746203320148,15720.746203320148,4641969.657893154,3641969.657893154,364.19696578931536
2021-06-07,2,0,2.9683279162152414,29683.279162152416,4779758.539110637,3779758.5391106373,377.9758539110637
2021-06-08,2,0,-3.056989414091282,-30569.89414091282,4633641.826550901,3633641.826550901,363.3641826550901
2021-06-09,2,0,4.697410189056195,46974.10189056196,4851302.989835672,3851302.989835672,385.1302989835672
2021-06-10,2,0,-0.16465171796401484,-1646.5171796401485,4843315.236119268,3843315.2361192685,384.33152361192685
2021-06-11,2,0,-2.248040076056745,-22480.40076056745,4734435.568601545,3734435.568601545,373.4435568601545
2021-06-15,2,0,-5.369281002419868,-53692.810024198676,4480230.419044813,3480230.419044813,348.02304190448126
2021-06-17,2,0,2.3570048309178753,23570.048309178754,4585829.666457951,3585829.666457951,358.5829666457951
2021-06-18,2,0,3.1793828405382256,31793.828405382257,4731630.747969626,3731630.7479696264,373.1630747969627
2021-06-21,2,0,1.2274725274725289,12274.725274725288,4789710.215502397,3789710.215502397,378.9710215502397
2021-06-23,2,0,-2.0856315000540855,-20856.315000540853,4689814.51048657,3689814.51048657,368.98145104865705
2021-06-24,2,0,1.5827160493827046,15827.160493827045,4764040.957430322,3764040.9574303217,376.40409574303214
2021-06-25,2,0,1.9297701787174386,19297.701787174385,4855975.999128697,3855975.9991286974,385.5975999128697
2021-06-29,2,0,-3.6062189054726463,-36062.18905472646,4680858.874602904,3680858.8746029036,368.08588746029034
2021-07-05,2,0,-0.9606577502099863,-9606.577502099863,4635891.84104764,3635891.84104764,363.58918410476394
2021-07-07,2,0,4.738133952768099,47381.33952768098,4855546.606381924,3855546.606381924,385.5546606381924
2021-07-08,2,0,-0.8420054200542035,-8420.054200542036,4814662.64078293,3814662.64078293,381.466264078293
2021-07-09,2,0,3.6949660409996925,36949.660409996926,4992562.790348559,3992562.7903485587,399.2562790348559
2021-07-14,2,0,-0.45873015873015266,-4587.3015873015265,4969660.39913569,3969660.39913569,396.966039913569
2021-07-20,2,0,3.3464388126792204,33464.388126792204,5135967.043590716,4135967.043590716,413.59670435907157
2021-08-02,2,0,1.7857155070156177,17857.155070156175,5227680.803523327,4227680.803523327,422.76808035233273
2021-08-03,2,0,2.6368268126967025,26368.268126967025,5365525.692632829,4365525.692632829,436.5525692632829
2021-08-10,2,0,4.32525849166543,43252.584916654305,5597598.5482759215,4597598.5482759215,459.7598548275921
2021-08-11,2,0,-0.3687756518010119,-3687.756518010119,5576955.967744313,4576955.967744313,457.6955967744313
2021-08-13,2,0,0.0853488525021544,853.4885250215441,5581715.835667334,4581715.835667334,458.1715835667334
2021-08-18,2,0,-2.892813009869754,-28928.130098697544,5420247.233799188,4420247.233799188,442.0247233799189
2021-08-20,2,0,4.656816320452684,46568.163204526834,5672658.191591635,4672658.191591635,467.2658191591635
2021-08-25,2,0,0.5431180691454653,5431.180691454654,5703467.42323103,4703467.42323103,470.34674232310294
2021-08-26,2,0,1.789726038175266,17897.26038175266,5805543.86478344,4805543.86478344,480.554386478344
2021-08-27,2,0,1.2408932998741464,12408.932998741464,5877584.469622793,4877584.469622793,487.75844696227927
2021-08-31,2,0,1.978475492761206,19784.754927612063,5993871.037920618,4993871.037920618,499.3871037920618
2021-09-02,2,0,-0.1945920758575136,-1945.9207585751358,5982207.439843706,4982207.439843706,498.22074398437064
2021-09-06,2,0,-1.3483870967741944,-13483.870967741945,5901544.126622587,4901544.126622587,490.1544126622587
2021-09-09,2,0,-0.6690036900369011,-6690.03690036901,5862062.578646326,4862062.578646326,486.2062578646326
2021-09-13,2,0,4.541678029205842,45416.78029205842,6128298.586839004,5128298.586839004,512.8298586839004
2021-09-14,2,0,0.6837092731829535,6837.092731829534,6170198.332565562,5170198.332565562,517.0198332565562
2021-09-15,2,0,0.8743000394343952,8743.000394343951,6224144.379020363,5224144.379020363,522.4144379020363
2021-09-22,2,0,-2.5302015481496234,-25302.015481496233,6066660.981583322,5066660.981583322,506.66609815833226
2021-09-24,2,0,-0.024065365371816583,-240.65365371816586,6065201.017452235,5065201.017452235,506.52010174522354
2021-10-08,2,0,0.12372881355932089,1237.2881355932088,6072705.4187111175,5072705.4187111175,507.27054187111173
2021-10-11,2,0,-1.3611087563396127,-13611.087563396126,5990049.29351033,4990049.29351033,499.00492935103296
2021-10-13,2,0,0.9273303849977602,9273.303849977601,6045596.8406853955,5045596.8406853955,504.5596840685396
2021-10-14,2,0,-2.2328533646782165,-22328.533646782165,5910607.528213272,4910607.528213272,491.0607528213272
2021-10-20,2,0,-2.3687415106596497,-23687.415106596494,5770600.51416031,4770600.51416031,477.060051416031
2021-11-03,2,0,4.523366696228726,45233.66696228726,6031625.93599024,5031625.93599024,503.162593599024
2021-11-04,2,0,0.6777887928999584,6777.887928999585,6072507.62061403,5072507.62061403,507.250762061403
2021-11-05,2,0,2.1916943521594794,21916.943521594792,6205598.427169482,5205598.427169482,520.5598427169482
2021-11-08,2,0,-0.2083007388092193,-2083.007388092193,6192672.119798155,5192672.119798155,519.2672119798154
2021-11-09,2,0,0.5467123075066086,5467.123075066085,6226528.2204406215,5226528.2204406215,522.6528220440622
2021-11-10,2,0,-0.9611389485405183,-9611.389485405183,6166682.6325721,5166682.6325721,516.6682632572099
2021-11-11,2,0,-0.7094467397219804,-7094.467397219804,6122933.303686315,5122933.303686315,512.2933303686315
2021-11-12,2,0,1.200458622095391,12004.58622095391,6196436.584455567,5196436.584455567,519.6436584455568
2021-11-17,2,0,-1.4700571990578943,-14700.571990578943,6105345.422360721,5105345.422360721,510.5345422360721
2021-11-19,2,0,2.313409979165726,23134.09979165726,6246587.092624153,5246587.092624153,524.6587092624153
2021-11-26,2,0,-0.583527638988018,-5835.2763898801795,6210136.530445233,5210136.530445233,521.0136530445233
2021-12-01,2,0,-0.4048218029350068,-4048.218029350068,6184996.543777959,5184996.543777959,518.499654377796
2021-12-02,2,0,-4.032151570232872,-40321.515702328725,5935608.108519168,4935608.108519168,493.5608108519167
2021-12-03,2,0,2.9085810261583194,29085.810261583192,6108250.079750671,5108250.079750671,510.8250079750671
2021-12-07,2,0,-4.406336722017112,-44063.36722017112,5839100.013413978,4839100.013413978,483.9100013413978
2021-12-09,2,0,0.5419437774382142,5419.4377743821415,5870744.652595069,4870744.652595069,487.0744652595069
2021-12-15,2,0,-0.6169381368851807,-6169.381368851808,5834525.789914062,4834525.789914062,483.45257899140626
2021-12-28,2,0,-0.759293985357151,-7592.93985357151,5790224.586517134,4790224.586517134,479.02245865171335
2021-12-30,2,0,4.739065805432541,47390.65805432541,6064627.139954516,5064627.139954516,506.4627139954515
2022-01-04,2,0,2.3188791752994047,23188.791752994046,6205258.515762476,5205258.515762476,520.5258515762476
2022-01-07,2,0,-0.32803578829322344,-3280.357882932234,6184903.047074662,5184903.047074662,518.4903047074662
2022-01-10,2,0,-2.2512583625358404,-22512.583625358402,6045664.90001266,5045664.90001266,504.56649000126595
2022-01-18,2,0,2.3840622644254355,23840.622644254356,6189797.315527475,5189797.315527475,518.9797315527476
2022-01-19,2,0,-2.6422129025577274,-26422.129025577273,6026249.692214437,5026249.692214437,502.6249692214437
2022-01-20,2,0,1.8336299822355522,18336.299822355522,6136748.813375259,5136748.813375259,513.6748813375259
2022-01-28,2,0,3.0138362242839727,30138.36224283973,6321700.372106079,5321700.372106079,532.1700372106079
2022-02-07,2,0,3.6486156240664096,36486.156240664095,6552354.919589407,5552354.919589407,555.2354919589407
2022-02-08,2,0,2.0647920706744207,20647.920706744208,6687647.424411534,5687647.424411534,568.7647424411534
2022-02-10,2,0,-2.5887553264732737,-25887.553264732738,6514520.595496329,5514520.595496329,551.4520595496328
2022-02-23,2,0,-5.236984401412014,-52369.84401412014,6173356.168083413,5173356.168083413,517.3356168083412
2022-02-25,2,0,-1.0104344253877016,-10104.344253877016,6110978.452159303,5110978.452159303,511.0978452159303
2022-03-01,2,0,-0.2920526793823761,-2920.526793823761,6093131.175853292,5093131.175853292,509.3131175853292
2022-03-03,2,0,-2.506435734190343,-25064.35734190343,5940410.758730614,4940410.758730614,494.04107587306135
2022-03-10,2,0,1.5505138086062913,15505.138086062912,6032517.647832666,5032517.647832666,503.25176478326654
2022-03-15,2,0,-4.874134844868738,-48741.34844868738,5738484.603136797,4738484.603136797,473.8484603136797
2022-03-18,2,0,-1.3635009527688478,-13635.009527688479,5660240.310898533,4660240.310898533,466.02403108985334
2022-03-28,2,0,-0.7074659052941631,-7074.659052941631,5620196.04054121,4620196.04054121,462.01960405412103
2022-04-08,2,0,-0.5478527459554625,-5478.527459554625,5589405.642205025,4589405.642205025,458.94056422050255
2022-04-14,2,0,-0.5424819185382566,-5424.819185382566,5559084.127242306,4559084.127242306,455.9084127242306
2022-04-19,2,0,0.3108632097245718,3108.6320972457183,5576365.274591541,4576365.274591541,457.6365274591541
2022-04-22,2,0,2.441529304029311,24415.29304029311,5712513.866870408,4712513.866870408,471.2513866870408
2022-04-27,2,0,0.02893877657629318,289.3877657629318,5714166.998495232,4714166.998495232,471.4166998495232
2022-05-05,2,0,-2.534011199528446,-25340.11199528446,5569369.366793605,4569369.366793605,456.93693667936043
2022-05-09,2,0,-1.9272655634357756,-19272.655634357758,5462032.828886851,4462032.828886851,446.20328288868507
2022-05-10,2,0,4.58548195437919,45854.8195437919,5712493.358597725,4712493.358597725,471.2493358597725
2022-05-11,2,0,2.8367781155015264,28367.781155015262,5874544.120043904,4874544.120043904,487.4544120043904
2022-05-13,2,0,-2.4247184903316064,-24247.184903316065,5732102.9625425115,4732102.9625425115,473.21029625425115
2022-05-18,2,0,1.379399367755541,13793.993677555409,5811171.55456692,4811171.55456692,481.11715545669193
2022-05-20,2,0,0.7553916105335685,7553.916105335686,5855068.656963832,4855068.656963832,485.5068656963832
2022-05-23,2,0,-4.145324774861091,-41453.24774861091,5612357.045341583,4612357.045341583,461.23570453415834
2022-05-25,2,0,-0.6818909762857981,-6818.909762857981,5574086.889092458,4574086.889092458,457.4086889092459
2022-05-30,2,0,1.638656900368574,16386.56900368574,5665427.048533112,4665427.048533112,466.5427048533112
2022-05-31,2,0,1.3951909476661921,13951.909476661922,5744470.573860878,4744470.573860878,474.44705738608786
2022-06-06,2,0,3.0260233918128603,30260.233918128604,5918299.597161715,4918299.597161715,491.8299597161715
2022-06-08,2,0,1.8191762524670532,18191.762524670532,6025963.897983134,5025963.897983134,502.5963897983134
2022-06-10,2,0,0.23921568627451897,2392.1568627451898,6040378.948876349,5040378.948876349,504.03789488763493
2022-06-14,2,0,-0.9227674058098043,-9227.674058098044,5984640.300748722,4984640.300748722,498.46403007487214
2022-06-16,2,0,-3.21186209421122,-32118.620942112204,5792421.907454086,4792421.907454086,479.24219074540855
2022-06-20,2,0,3.078114093151996,30781.14093151996,5970719.262522252,4970719.262522252,497.0719262522253
2022-06-22,2,0,-1.147162787461292,-11471.62787461292,5902225.392998815,4902225.392998815,490.2225392998814
2022-06-24,2,0,1.2972541800889696,12972.541800889696,5978792.258627764,4978792.258627764,497.8792258627764
2022-06-29,2,0,-2.1617858749437717,-21617.858749437717,5849543.572088517,4849543.572088517,484.9543572088518
2022-07-18,2,0,0.8038324454543446,8038.324454543446,5896564.101231954,4896564.101231954,489.6564101231954
2022-07-19,2,0,1.8639425594663974,18639.425594663975,6006472.669061034,5006472.669061034,500.64726690610337
2022-07-20,2,0,-0.4685357188717152,-4685.357188717152,5978330.199162216,4978330.199162216,497.83301991622164
2022-07-22,2,0,1.260606060606057,12606.060606060571,6053693.391975897,5053693.391975897,505.3693391975897
2022-07-25,2,0,1.7135864093515254,17135.864093515254,6157428.659204608,5157428.659204608,515.7428659204608
2022-07-26,2,0,-0.6755741358716424,-6755.741358716424,6115830.663748274,5115830.663748274,511.5830663748274
2022-08-04,2,0,-0.7705493511463543,-7705.493511463542,6068705.170251552,5068705.170251552,506.8705170251552
2022-08-09,2,0,4.7517693952945805,47517.6939529458,6357076.045222226,5357076.045222226,535.7076045222225
2022-08-10,2,0,4.7552239792098,47552.239792098,6659369.2497012345,5659369.2497012345,565.9369249701234
2022-08-15,2,0,-0.6236973869504002,-6236.973869504002,6617834.93770347,5617834.93770347,561.7834937703469
2022-08-22,2,0,4.277730836413863,42777.30836413862,6900928.103536582,5900928.103536582,590.0928103536581
2022-08-25,2,0,-2.3341715022566096,-23341.715022566095,6739848.606352613,5739848.606352613,573.9848606352614
2022-09-02,2,0,3.0508669394116565,30508.669394116565,6945472.419250222,5945472.419250222,594.5472419250221
2022-09-07,2,0,-1.0689468978601173,-10689.468978601173,6871229.007282917,5871229.007282917,587.1229007282917
2022-09-09,2,0,-1.0269789983844975,-10269.789983844974,6800662.928447218,5800662.928447218,580.0662928447218
2022-09-20,2,0,-0.30085645769098973,-3008.5645769098974,6780202.694861188,5780202.694861188,578.0202694861188
2022-09-27,2,0,-1.3307884750036745,-13307.884750036745,6689972.538816086,5689972.538816086,568.9972538816086
2022-10-11,2,0,1.8923014056881242,18923.014056881242,6816566.983208252,5816566.983208252,581.6566983208253
2022-10-12,2,0,1.0586956521739026,10586.956521739026,6888733.681487001,5888733.681487001,588.8733681487
2022-10-13,2,0,1.5135553744031696,15135.553744031697,6992998.480351468,5992998.480351468,599.2998480351469
2022-10-25,2,0,0.22795710690447524,2279.5710690447527,7008939.517373152,6008939.517373152,600.8939517373152
2022-11-01,2,0,0.7304297015461928,7304.297015461928,7060134.893371454,6060134.893371454,606.0134893371455
2022-11-02,2,0,1.4031335721431675,14031.335721431675,7159198.016298943,6159198.016298943,615.9198016298943
2022-11-04,2,0,1.3548113021142065,13548.113021142066,7256191.640164497,6256191.640164497,625.6191640164498
2022-11-07,2,1,5.954530582499877,59545.305824998766,7688263.790502893,6688263.790502893,668.8263790502892
2022-11-15,2,0,4.739454005669764,47394.54005669763,8052645.51668834,7052645.51668834,705.264551668834
2022-11-17,2,0,-3.3630955766019923,-33630.95576601992,7781827.351517156,6781827.351517156,678.1827351517155
2022-11-18,2,0,2.871460975358287,28714.60975358287,8005279.487085728,7005279.487085728,700.5279487085728
2022-11-21,2,0,1.1606301415859948,11606.301415859947,8098191.173731048,7098191.173731048,709.8191173731047
2022-11-28,2,0,1.138661315701084,11386.61315701084,8190402.143897842,7190402.143897842,719.0402143897842
2022-11-29,2,1,7.223994170873885,72239.94170873886,8782076.317344153,7782076.317344153,778.2076317344153
2022-11-30,2,0,2.1770642201834782,21770.64220183478,8973267.758638259,7973267.758638259,797.326775863826
2022-12-01,2,0,2.63741168647661,26374.1168647661,9209929.771163424,8209929.7711634245,820.9929771163423
2022-12-02,2,0,4.713825877733758,47138.25877733758,9644069.82403763,8644069.82403763,864.4069824037629
2022-12-05,2,0,-0.013467048710613383,-134.67048710613383,9642771.052456742,8642771.052456742,864.2771052456743
2022-12-06,2,0,-0.55641025641025,-5564.1025641025,9589117.685318716,8589117.685318716,858.9117685318715
2022-12-09,2,0,-3.8945781406675315,-38945.78140667532,9215662.004063407,8215662.004063407,821.5662004063407
2022-12-15,2,0,-2.288604102574687,-22886.04102574687,9004751.985358994,8004751.985358994,800.4751985358995
2022-12-29,2,0,-2.1577235772357644,-21577.235772357642,8810454.328699298,7810454.328699298,781.0454328699299
2023-01-17,2,0,1.553471614811114,15534.71614811114,8947322.23583154,7947322.23583154,794.7322235831541
2023-02-22,2,0,-2.1660149511213307,-21660.14951121331,8753521.898478426,7753521.898478426,775.3521898478427
2023-02-28,2,0,-0.827296300492175,-8272.963004921749,8681104.335649543,7681104.3356495425,768.1104335649543
2023-03-06,2,0,0.23472898409606668,2347.289840960667,8701481.403664934,7701481.4036649335,770.1481403664934
2023-03-27,2,0,0.09074960127591947,907.4960127591947,8709377.96334386,7709377.963343861,770.937796334386
2023-03-28,2,0,1.1269743408373616,11269.743408373615,8807530.41823729,7807530.418237289,780.753041823729
2023-03-29,2,0,-0.2387091197686706,-2387.091197686706,8786506.039902559,7786506.039902559,778.6506039902558
2023-03-31,2,0,-0.37023799875732766,-3702.3799875732766,8753975.05577973,7753975.055779731,775.3975055779731
2023-04-17,2,0,1.0432342085103465,10432.342085103466,8845299.51816609,7845299.518166089,784.529951816609
2023-04-19,2,0,-2.689443131763941,-26894.431317639406,8607410.217790822,7607410.217790822,760.7410217790822
2023-05-22,2,0,0.5509803921568639,5509.803921568639,8654835.360363355,7654835.360363355,765.4835360363355
2023-05-31,2,0,-2.403384263886909,-24033.84263886909,8446826.409247063,7446826.409247063,744.6826409247062
2023-06-01,2,0,2.0809523809523838,20809.52380952384,8622600.844525203,7622600.844525203,762.2600844525203
2023-06-02,2,0,0.7096623602214751,7096.623602214751,8683792.197190939,7683792.1971909385,768.3792197190937
2023-06-07,2,0,-1.7626328842221202,-17626.328842221203,8530728.820325736,7530728.820325736,753.0728820325736
2023-06-09,2,0,-2.239514713992091,-22395.147139920908,8339681.893183778,7339681.893183778,733.9681893183778
2023-06-26,2,0,1.5935698447893611,15935.698447893612,8472580.548984913,7472580.548984913,747.2580548984913
2023-06-27,2,0,-3.4712962962962943,-34712.96296296294,8178472.174187279,7178472.174187279,717.847217418728
2023-06-29,2,0,0.10548598688133193,1054.8598688133193,8187099.316272036,7187099.316272036,718.7099316272036
2023-07-03,2,0,-1.1573471394098807,-11573.471394098806,8092346.156534516,7092346.156534516,709.2346156534516
2023-07-05,2,0,1.5061893061892988,15061.893061892988,8214232.208964061,7214232.208964061,721.4232208964061
2023-07-11,2,0,2.2576860578485523,22576.86057848552,8399683.784305148,7399683.784305148,739.9683784305148
2023-08-08,2,0,0.9410071942445981,9410.071942445982,8478725.413009256,7478725.413009256,747.8725413009256
2023-08-09,2,0,4.554070660522269,45540.70660522269,8864852.559429355,7864852.559429355,786.4852559429355
2023-08-17,2,0,-4.634630350194546,-46346.303501945455,8453999.412210044,7453999.4122100435,745.3999412210044
2023-08-29,2,0,-0.34219409282700264,-3421.9409282700262,8425070.32561383,7425070.32561383,742.5070325613831
2023-09-04,2,0,-2.787519612038225,-27875.19612038225,8190219.837959333,7190219.837959333,719.0219837959332
2023-09-11,2,0,0.47914886884986607,4791.488688498661,8229463.183669234,7229463.183669234,722.9463183669234
2023-09-12,2,0,0.32566456332800464,3256.6456332800462,8256263.629010568,7256263.629010568,725.6263629010568
2023-09-15,2,0,1.187637971175682,11876.379711756821,8354318.150869066,7354318.150869066,735.4318150869066
2023-09-20,2,0,-2.9191684046370843,-29191.684046370843,8110441.534986036,7110441.534986036,711.0441534986036
2023-10-16,2,0,4.292431491953031,42924.31491953031,8458576.681570217,7458576.681570217,745.8576681570216
2023-11-10,2,0,4.828008192524325,48280.08192524325,8866957.456727378,7866957.456727378,786.6957456727379
2023-11-13,2,0,0.361705473934554,3617.05473934554,8899029.727219809,7899029.727219809,789.9029727219809
2023-11-28,2,0,-0.5109704641350241,-5109.704641350241,8853558.31371912,7853558.31371912,785.355831371912
2023-12-14,2,0,1.0392344889763097,10392.344889763097,8945567.54521692,7945567.54521692,794.5567545216919
2023-12-15,2,0,-3.21735028712059,-32173.5028712059,8657757.302116316,7657757.302116316,765.7757302116316
2024-01-02,2,0,0.5820998278829761,5820.99827882976,8708154.09247046,7708154.09247046,770.815409247046
2024-01-10,2,0,1.2046296296296226,12046.296296296227,8813055.096862163,7813055.096862163,781.3055096862163
2024-01-24,2,0,4.964712199312716,49647.121993127155,9250597.91838823,8250597.918388231,825.059791838823
2024-01-25,2,0,-0.1758005827302287,-1758.005827302287,9234335.313341673,8234335.313341673,823.4335313341674
2024-01-29,2,0,-2.5642578612728,-25642.578612728,8997543.14413302,7997543.14413302,799.754314413302
2024-02-06,2,0,-0.6896280955021592,-6896.2809550215925,8935493.558706151,7935493.558706151,793.549355870615
2024-02-07,2,0,-1.0691761913362017,-10691.761913362017,8839957.388998086,7839957.388998086,783.9957388998085
2024-02-19,2,0,1.9520340331605106,19520.340331605108,9012516.365748215,8012516.3657482155,801.2516365748215
2024-02-23,2,0,1.110115448048366,11101.15448048366,9112565.702182274,8112565.702182274,811.2565702182275
2024-02-27,2,0,-5.0346368715083845,-50346.36871508384,8653781.10939978,7653781.109399781,765.378110939978
2024-02-29,2,0,3.1553504971658546,31553.504971658545,8926838.234658873,7926838.234658873,792.6838234658871
2024-03-01,2,0,-0.7719567926879942,-7719.567926879942,8857926.900534155,7857926.900534155,785.7926900534155
2024-03-04,2,0,-1.83571428571429,-18357.142857142902,8695320.67100292,7695320.671002921,769.5320671002921
2024-03-12,2,1,4.2219930034794215,42219.93003479421,9062436.501362765,8062436.501362765,806.2436501362764
2024-03-14,2,0,0.7212130017850484,7212.130017850484,9127795.971689107,8127795.971689107,812.7795971689106
2024-03-15,2,0,-0.24825859574941744,-2482.585957494174,9105135.43358692,8105135.43358692,810.513543358692
2024-03-20,2,0,2.230864197530869,22308.64197530869,9308258.640111508,8308258.640111508,830.8258640111508
2024-03-29,2,0,0.2952380952380931,2952.3809523809305,9335740.165620409,8335740.165620409,833.5740165620409
2024-04-01,2,0,0.059468535552637425,594.6853555263742,9341291.993579904,8341291.993579904,834.1291993579903
2024-04-02,2,0,0.6514635898824399,6514.635898824399,9402147.10974268,8402147.10974268,840.214710974268
2024-04-03,2,0,1.1851604358557535,11851.604358557535,9513577.637408305,8513577.637408305,851.3577637408306
2024-04-17,2,0,-1.004484084361412,-10044.84084361412,9418015.264187172,8418015.264187172,841.8015264187172
2024-04-23,2,0,-0.6927902656649774,-6927.902656649774,9352768.171218041,8352768.171218041,835.2768171218041
2024-04-24,2,0,0.3369426751592355,3369.426751592355,9384281.638495587,8384281.638495587,838.4281638495587
2024-04-26,2,0,3.034919030346284,30349.19030346284,9669086.987803582,8669086.987803582,866.9086987803581
2024-04-29,2,0,-0.9280278860923972,-9280.278860923972,9579355.164226234,8579355.164226234,857.9355164226234
2024-04-30,2,0,-0.84257095158598,-8425.7095158598,9498642.300263213,8498642.300263213,849.8642300263214
2024-05-06,2,0,-2.4786248131539677,-24786.248131539676,9263206.595296152,8263206.595296152,826.3206595296152
2024-05-08,2,0,3.529787234042548,35297.87234042548,9590178.079159904,8590178.079159904,859.0178079159904
2024-05-09,2,0,0.43055609253173116,4305.560925317312,9631469.17516437,8631469.17516437,863.1469175164369
2024-05-13,2,0,-1.8608087211999353,-18608.087211999355,9452245.956773227,8452245.956773227,845.2245956773228
2024-05-14,2,0,-0.6003164556962092,-6003.164556962092,9395502.568861838,8395502.568861838,839.5502568861838
2024-05-15,2,0,1.9531915281091332,19531.915281091333,9579014.729060123,8579014.729060123,857.9014729060124
2024-05-17,2,0,-4.707154711414346,-47071.54711414347,9128115.685934097,8128115.685934097,812.8115685934097
2024-05-20,2,0,1.5518518518518492,15518.518518518491,9269770.518245444,8269770.518245444,826.9770518245444
2024-05-24,2,0,-0.592804179305689,-5928.041793056889,9214818.93120124,8214818.93120124,821.481893120124
2024-05-30,2,0,2.7882352941176474,27882.352941176472,9471749.764930028,8471749.764930028,847.1749764930028
2024-06-07,2,0,-1.2946164916582235,-12946.164916582236,9349126.930424646,8349126.930424646,834.9126930424645
2024-06-18,2,0,-0.45740241050550257,-4574.024105055026,9306363.798483664,8306363.798483664,830.6363798483665
2024-06-26,2,0,-1.9761258052527317,-19761.25805252732,9122458.34193113,8122458.341931131,812.2458341931131
2024-07-01,2,0,-0.8319148936170193,-8319.148936170193,9046567.252320597,8046567.252320597,804.6567252320598
2024-07-05,2,0,-2.406155451225872,-24061.554512258717,8828892.781230072,7828892.781230072,782.8892781230072
2024-07-09,2,0,-1.6819369440198346,-16819.369440198345,8680396.371794663,7680396.371794663,768.0396371794662
2024-07-11,2,0,1.3594236639246753,13594.236639246752,8798399.734195298,7798399.734195298,779.8399734195298
2024-07-18,2,0,4.201518218623479,42015.1821862348,9168066.101974834,8168066.101974834,816.8066101974833
2024-07-19,2,0,-1.4435852512542864,-14435.852512542864,9035717.251901481,8035717.251901481,803.5717251901481
2024-07-25,2,0,-0.9858623179173456,-9858.623179173455,8946637.520361427,7946637.520361427,794.6637520361428
2024-07-29,2,0,2.5773857721226094,25773.857721226093,9177226.882894607,8177226.882894607,817.7226882894606
2024-07-31,2,0,-0.5367872194031172,-5367.872194031172,9127964.701891601,8127964.701891601,812.7964701891601
2024-08-06,2,0,4.596532039389179,45965.320393891794,9547534.523958184,8547534.523958184,854.7534523958184
2024-08-08,2,0,3.0254818757192163,30254.818757192163,9836393.450558575,8836393.450558575,883.6393450558575
2024-08-13,2,0,0.35139482974807557,3513.9482974807556,9870958.028577518,8870958.028577518,887.0958028577517
2024-08-16,2,0,4.465350165914028,44653.50165914028,10311730.869283907,9311730.869283907,931.1730869283908
2024-08-19,2,0,-2.7193548387096804,-27193.548387096802,10031318.316935316,9031318.316935316,903.1318316935316
2024-08-23,2,0,1.6908046760893138,16908.04676089314,10200928.316111462,9200928.316111462,920.0928316111462
2024-09-19,2,0,-0.0015175543779606393,-15.175543779606393,10200773.511477208,9200773.511477208,920.0773511477207
2024-09-24,2,0,1.7548789887467224,17548.789887467225,10379784.742519764,9379784.742519764,937.9784742519764
2024-09-26,2,0,3.3949115437765913,33949.11543776591,10732169.252962729,9732169.252962729,973.2169252962728
2024-09-27,2,0,4.7280826060658425,47280.82606065842,11239595.080665607,10239595.080665607,1023.9595080665607
2024-09-30,2,0,1.0609199833916616,10609.199833916617,11358838.190928696,10358838.190928696,1035.8838190928695
2024-10-08,2,0,4.6917898193760355,46917.89819376035,11891771.004770085,10891771.004770085,1089.1771004770085
2024-10-16,2,0,-0.14582542694498368,-1458.2542694498368,11874429.778931059,10874429.778931059,1087.442977893106
2024-10-22,2,0,2.6763607903861013,26763.60790386101,12192232.361616302,11192232.361616302,1119.2232361616302
2024-10-25,2,0,1.7444444444444378,17444.444444444376,12404919.081702275,11404919.081702275,1140.4919081702274
2024-10-28,2,0,-4.7549929676512,-47549.929676511994,11815066.05172451,10815066.05172451,1081.5066051724511
2024-10-29,2,0,1.6838147690232677,16838.147690232676,12014009.878873302,11014009.878873302,1101.40098788733
2024-11-05,2,0,4.104304745650212,41043.04745650212,12507101.456474783,11507101.456474783,1150.7101456474784
2024-11-07,2,0,-4.203091882442916,-42030.91882442916,11981416.490428794,10981416.490428794,1098.1416490428794
2024-11-11,2,0,0.9477516164055015,9477.516164055014,12094970.558885109,11094970.558885109,1109.4970558885109
2024-11-19,2,0,0.6023491844541597,6023.491844541597,12167824.515406525,11167824.515406525,1116.7824515406523
2024-11-21,2,0,0.20005500146669264,2000.5500146669262,12192166.856919287,11192166.856919287,1119.2166856919287
2024-11-25,2,0,0.033209467986644814,332.09467986644813,12196215.810668513,11196215.810668513,1119.6215810668511
2024-11-27,2,0,1.822459386610337,18224.59386610337,12418486.890521295,11418486.890521295,1141.8486890521297
2024-11-29,2,0,-0.38043926835239983,-3804.392683523998,12371242.089854559,11371242.089854559,1137.1242089854559
2024-12-02,2,0,1.84814141046632,18481.4141046632,12599880.1379062,11599880.1379062,1159.98801379062
2024-12-03,2,0,1.070636855562818,10706.36855562818,12734779.09841936,11734779.09841936,1173.477909841936
2024-12-11,2,1,4.58761890427453,45876.189042745296,13319002.231756048,12319002.231756048,1231.9002231756049
2024-12-16,2,0,-7.660561522517428,-76605.61522517428,12298691.871606907,11298691.871606907,1129.8691871606907
2024-12-18,2,0,4.005317324185254,40053.17324185254,12791293.507788543,11791293.507788543,1179.1293507788544
2025-01-07,2,0,-1.6044763839251406,-16044.763839251405,12586060.224257529,11586060.224257529,1158.6060224257528
2025-01-10,2,0,1.904265757367485,19042.65757367485,12825732.259309713,11825732.259309713,1182.5732259309714
2025-01-14,2,0,-1.0483560702718493,-10483.560702718492,12691272.916612424,11691272.916612424,1169.1272916612425
2025-01-16,2,0,-2.2695943154589777,-22695.943154589775,12403232.507937605,11403232.507937605,1140.3232507937605
2025-01-23,2,0,-0.9658839699902664,-9658.839699902665,12283431.673382813,11283431.673382813,1128.3431673382813
2025-02-06,2,0,0.10972271960670321,1097.227196067032,12296909.388675878,11296909.388675878,1129.6909388675879
2025-02-10,2,0,0.34150300054555704,3415.0300054555705,12338903.703212576,11338903.703212576,1133.8903703212577
2025-02-11,2,0,-2.7220224544198697,-27220.224544198696,12003035.973781886,11003035.973781886,1100.3035973781887
2025-02-17,2,0,-1.3387694900969245,-13387.694900969243,11842342.990279535,10842342.990279535,1084.2342990279535
2025-02-19,2,0,0.5828708841162158,5828.708841162157,11911368.559567051,10911368.559567051,1091.1368559567052
2025-03-12,2,0,2.512663526949233,25126.63526949233,12210661.17292379,11210661.17292379,1121.066117292379
2025-03-17,2,0,4.666589230247187,46665.89230247187,12780482.572161427,11780482.572161427,1178.0482572161427
2025-03-18,2,0,4.719228795021824,47192.28795021823,13383622.785849616,12383622.785849616,1238.3622785849616
2025-04-09,2,0,-0.7286763431721075,-7286.763431721075,13286099.492749738,12286099.492749738,1228.6099492749738
2025-04-14,2,0,4.5222222222222275,45222.22222222228,13886926.436477423,12886926.436477423,1288.6926436477422
2025-04-15,2,0,-3.245117223134458,-32451.17223134458,13436279.394923283,12436279.394923283,1243.6279394923283
2025-04-16,2,0,-1.1269434634720517,-11269.434634720516,13284860.122548353,12284860.122548353,1228.4860122548355
2025-04-18,2,0,4.537413226160026,45374.13226160026,13887649.122825721,12887649.122825721,1288.7649122825721
2025-04-30,2,0,4.724249022615924,47242.490226159236,14543736.250775144,13543736.250775144,1354.3736250775144
2025-05-06,2,0,-0.9816767671224689,-9816.767671224688,14400963.770929717,13400963.770929717,1340.0963770929718
2025-05-08,2,0,1.1819075507216064,11819.075507216065,14571169.84911502,13571169.84911502,1357.116984911502
2025-05-19,2,0,1.157854406130277,11578.544061302768,14739882.781237725,13739882.781237725,1373.9882781237725
2025-05-20,2,0,-0.19822024031112506,-1982.2024031112505,14710665.350167178,13710665.350167178,1371.0665350167178
2025-05-27,2,0,-2.3829693051429954,-23829.693051429953,14360114.710290387,13360114.710290387,1336.0114710290388
2025-05-28,2,0,-1.5985390234525272,-15985.390234525272,14130562.672833849,13130562.672833849,1313.0562672833848
2025-06-04,2,0,0.3664078674948226,3664.0786749482268,14182338.166188398,13182338.166188398,1318.2338166188397
2025-06-09,2,0,1.1843139673533236,11843.139673533236,14350301.577987848,13350301.577987848,1335.0301577987848
2025-06-10,2,0,2.016336671508285,20163.36671508285,14639651.97117685,13639651.97117685,1363.965197117685
2025-06-11,2,0,-3.316702932014209,-33167.029320142094,14154098.205012152,13154098.205012152,1315.4098205012153
2025-06-30,2,0,0.19146654358212534,1914.6654358212534,14181198.567620508,13181198.567620508,1318.1198567620509
2025-07-18,2,0,-4.698504595301028,-46985.045953010274,13514894.301252097,12514894.301252097,1251.4894301252098
2025-07-22,2,0,-2.269383745596398,-22693.837455963978,13208189.486744948,12208189.486744948,1220.8189486744948
2025-08-05,2,0,-0.3151808975338337,-3151.808975338337,13166559.796572655,12166559.796572655,1216.6559796572656
2025-08-06,2,0,0.1615960690925906,1615.9606909259062,13187836.439638643,12187836.439638643,1218.7836439638643
2025-08-07,2,0,-1.488739457488042,-14887.394574880418,12991503.914972756,11991503.914972756,1199.1503914972757
2025-08-19,2,0,1.7591341077085492,17591.34107708549,13220041.891445335,12220041.891445335,1222.0041891445335
2025-08-20,2,0,1.4829823152539006,14829.823152539006,13416092.774764627,12416092.774764627,1241.6092774764627
2025-08-26,2,0,-2.3873529247755596,-23873.529247755596,13095803.291515682,12095803.291515682,1209.580329151568
2025-08-28,2,0,-2.1161990540973283,-21161.990540973282,12818670.02613418,11818670.02613418,1181.867002613418
2025-09-01,2,0,0.8586247488899915,8586.247488899915,12928734.299457112,11928734.299457112,1192.8734299457112
2025-09-05,2,0,3.0290191187823723,30290.191187823722,13320348.133204242,12320348.133204242,1232.034813320424
2025-09-08,2,0,1.2438045840503513,12438.045840503513,13486027.233896501,12486027.233896501,1248.6027233896502
2025-09-10,2,0,4.342511844444375,43425.118444443746,14071659.563873453,13071659.563873453,1307.1659563873454
2025-09-15,2,0,2.47612858461076,24761.285846107596,14420091.948663639,13420091.948663639,1342.009194866364
2025-10-09,2,0,1.0521282017850577,10521.282017850577,14571809.802778868,13571809.802778868,1357.1809802778866
2025-10-13,2,0,-2.3971858817175393,-23971.858817175395,14222496.435475921,13222496.435475921,1322.249643547592
2025-10-16,2,0,2.2657862736514494,22657.862736514493,14544747.807481503,13544747.807481503,1354.4747807481504
2025-10-21,2,0,-0.007088804545124283,-70.88804545124283,14543716.758737851,13543716.758737851,1354.371675873785
2025-10-29,2,0,-1.2735073772291658,-12735.073772291658,14358501.452892011,13358501.452892011,1335.850145289201
2025-10-31,2,0,4.63060860707919,46306.086070791906,15023387.45701722,14023387.45701722,1402.338745701722
2025-11-04,2,0,0.04287246676626433,428.72466766264324,15029828.353811897,14029828.353811897,1402.9828353811897
2025-11-05,2,0,3.3754328828095375,33754.32882809537,15537150.122296296,14537150.122296296,1453.7150122296296
2025-11-12,2,0,1.8497327107862898,18497.327107862897,15824545.870432384,14824545.870432384,1482.4545870432385
2025-11-13,2,0,1.2758321890241013,12758.321890241012,16026440.520414244,15026440.520414244,1502.6440520414244
2025-11-18,2,0,-2.505883830013755,-25058.838300137548,15624836.538886411,14624836.538886411,1462.4836538886411
2025-12-02,2,0,0.5350022398482148,5350.022398482148,15708429.764342077,14708429.764342077,1470.8429764342077
2025-12-05,2,0,1.6177270915249178,16177.270915249179,15962549.288293002,14962549.288293002,1496.2549288293003
2025-12-18,2,0,-2.1032977241059063,-21032.977241059063,15626809.352403054,14626809.352403054,1462.6809352403054
2025-12-24,2,0,0.2923000987166804,2923.0009871668035,15672486.531566396,14672486.531566396,1467.2486531566396
2026-01-12,2,0,1.8985880487321474,18985.880487321472,15970042.48779387,14970042.48779387,1497.0042487793871
2026-01-16,2,0,3.965093539354037,39650.93539354037,16603269.61070948,15603269.61070948,1560.3269610709478
2026-01-19,2,0,0.11765686979856049,1176.568697985605,16622804.498017654,15622804.498017654,1562.2804498017654
2026-02-24,2,0,4.6625874294384815,46625.87429438481,17397857.29096236,16397857.29096236,1639.785729096236
2026-02-25,2,0,2.6342615821614905,26342.615821614905,17856162.361697465,16856162.361697465,1685.6162361697463
2026-02-27,2,0,0.8973531196278699,8973.5311962787,18016395.191695973,17016395.191695973,1701.6395191695974
2026-03-06,2,0,-1.8008548400227973,-18008.548400227974,17691946.066888683,16691946.066888683,1669.1946066888684
2026-03-09,2,0,4.333889331517128,43338.89331517127,18458695.430019338,17458695.430019338,1745.8695430019336
2026-03-18,2,0,3.0737731435941167,30737.73143594117,19026073.852805104,18026073.852805104,1802.6073852805105
2026-03-24,2,0,2.2700688498371373,22700.688498371375,19457978.828684643,18457978.828684643,1845.797882868464
2026-03-25,2,0,0.6543085683221932,6543.085683221932,19585294.051383045,18585294.051383045,1858.5294051383044
2026-03-26,2,0,1.0608548295989344,10608.548295989343,19793065.589218296,18793065.589218296,1879.3065589218297
2026-04-08,2,0,-2.622202521670613,-26222.02521670613,19274051.324221898,18274051.324221898,1827.4051324221898
2026-04-13,2,0,3.439450461513505,34394.504615135054,19936972.7714452,18936972.7714452,1893.6972771445198
2026-04-14,2,0,-0.7317926291756536,-7317.926291756536,19791075.474223007,18791075.474223007,1879.1075474223007
2026-04-20,2,0,-1.652134078949035,-16521.34078949035,19464100.371722847,18464100.371722847,1846.4100371722845
2026-05-07,2,0,4.300677011569554,43006.77011569554,20301188.461918354,19301188.461918354,1930.1188461918355
2026-05-13,2,0,-0.11075978945297404,-1107.5978945297404,20278702.90832148,19278702.90832148,1927.8702908321482
2026-05-15,2,0,-4.230849128746538,-42308.491287465375,19420741.583003666,18420741.583003666,1842.0741583003664
2026-06-12,2,0,-0.6049659726433506,-6049.659726433506,19303252.704791497,18303252.704791497,1830.3252704791496
2026-06-15,2,0,1.0525292541548776,10525.292541548777,19506425.086512875,18506425.086512875,1850.6425086512872
